SET FOREIGN_KEY_CHECKS=0;

INSERT INTO `club` (`id`,`name`) VALUES (1,'HAUGESUND TURNFORENING');
INSERT INTO `club` (`id`,`name`) VALUES (4,'RANDABERG ALLIANSE IDRETTSLAG TURN');
INSERT INTO `club` (`id`,`name`) VALUES (5,'SANDNES TURNFORENING');
INSERT INTO `club` (`id`,`name`) VALUES (7,'SANDVED TURN');
INSERT INTO `club` (`id`,`name`) VALUES (8,'SOLA TURN');
INSERT INTO `club` (`id`,`name`) VALUES (3,'STAVANGER TURNFORENING');
INSERT INTO `club` (`id`,`name`) VALUES (6,'ÅLGÅRD TURNFORENING');

-- INSERT INTO `configuration` (`name`,`value`) VALUES ('defaultValues','{\"division\": [{\"name\": \"Kvinner\", \"type\": 2, \"sortOrder\": 1}, {\"name\": \"Herrer\", \"type\": 2, \"sortOrder\": 2}, {\"name\": \"Mix\", \"type\": 2, \"sortOrder\": 0}, {\"max\": 11, \"min\": 8, \"name\": \"Aspirant\", \"type\": 1, \"sortOrder\": 0}, {\"max\": 13, \"min\": 11, \"name\": \"Rekrutt\", \"type\": 1, \"sortOrder\": 1}, {\"max\": 17, \"min\": 13, \"name\": \"Junior\", \"type\": 1, \"sortOrder\": 2}, {\"max\": 99, \"min\": 16, \"name\": \"Senior\", \"type\": 1, \"sortOrder\": 3}], \"discipline\": [{\"name\": \"Frittstående\", \"sortOrder\": 0}, {\"name\": \"Trampett\", \"sortOrder\": 1}, {\"name\": \"Tumbling\", \"sortOrder\": 2}], \"scoreGroup\": [{\"max\": 2, \"min\": 0, \"name\": \"Composition\", \"type\": \"C\", \"judges\": [], \"operation\": 1}, {\"max\": 10, \"min\": 0, \"name\": \"Execution\", \"type\": \"E\", \"judges\": [{\"result\": {\"message\": \"\", \"insertId\": 8, \"fieldCount\": 0, \"protocol41\": true, \"changedRows\": 0, \"affectedRows\": 1, \"serverStatus\": 3, \"warningCount\": 0}, \"generatedMap\": {\"id\": 8}}], \"operation\": 1}, {\"max\": 5, \"min\": 0, \"name\": \"Difficulty\", \"type\": \"D\", \"judges\": [{\"result\": {\"message\": \"\", \"insertId\": 8, \"fieldCount\": 0, \"protocol41\": true, \"changedRows\": 0, \"affectedRows\": 1, \"serverStatus\": 3, \"warningCount\": 0}, \"generatedMap\": {\"id\": 8}}], \"operation\": 1}, {\"max\": 5, \"min\": 0, \"name\": \"Adjustments\", \"type\": \"OD\", \"judges\": [], \"operation\": 2}]}');
-- INSERT INTO `configuration` (`name`,`value`) VALUES ('display','{\"display1\": \"{{~#list current len=1 ~}}\\n  {{#center ~}}\\n    {{~#size 4~}}<em>{{team.name}}</em>{{~/size}}\\n    {{#size 2~}}\\n      {{division}} {{discipline.name}}\\n    {{~/size}}\\n  {{~/center~}}\\n{{~/list~}}\\n{{#if current.length}}{{#center ~}}\\n  -----------------------------\\n{{~/center~}}{{/if}}\\n{{#list next len=2 ~}}\\n  {{~#size 1~}}\\n    <em>{{team.name}}</em>\\n    {{division}} {{disciplineName}}\\n  {{~/size~}}\\n{{~/list}}\", \"display2\": \"{{#list published len=1}}\\n  {{#center}}\\n    {{#size 3~}}<em>{{team.name}}</em>{{~/size}}\\n    {{#size 2~}}\\n      {{division}} {{disciplineId.name}}\\n    {{~/size}}\\n  {{~/center~}}\\n  {{#if team}}{{#center ~}}\\n  -----------------------------\\n  {{~/center~}}{{/if}}\\n  {{#center ~}}\\n    {{#size 5~}}\\n      <b>{{#fix total len=3}}{{/fix}}</b>\\n    {{~/size}}\\n  {{/center}}\\n{{/list}}\"}');
-- INSERT INTO `configuration` (`name`,`value`) VALUES ('scheduleExecutionTime','4');
-- INSERT INTO `configuration` (`name`,`value`) VALUES ('scheduleTrainingTime','3');

INSERT INTO `discipline` (`id`,`name`,`sortOrder`,`tournamentId`) VALUES (4,'Frittstående',0,2);
INSERT INTO `discipline` (`id`,`name`,`sortOrder`,`tournamentId`) VALUES (5,'Trampett',1,2);
INSERT INTO `discipline` (`id`,`name`,`sortOrder`,`tournamentId`) VALUES (6,'Tumbling',2,2);

INSERT INTO `division` (`id`,`name`,`sortOrder`,`type`,`tournamentId`,`min`,`max`,`scorable`) VALUES (8,'Kvinner',0,2,2,NULL,NULL,1);
INSERT INTO `division` (`id`,`name`,`sortOrder`,`type`,`tournamentId`,`min`,`max`,`scorable`) VALUES (9,'Herrer',2,2,2,NULL,NULL,1);
INSERT INTO `division` (`id`,`name`,`sortOrder`,`type`,`tournamentId`,`min`,`max`,`scorable`) VALUES (10,'Mix',1,2,2,NULL,NULL,1);
INSERT INTO `division` (`id`,`name`,`sortOrder`,`type`,`tournamentId`,`min`,`max`,`scorable`) VALUES (11,'Aspirant',0,1,2,8,11,0);
INSERT INTO `division` (`id`,`name`,`sortOrder`,`type`,`tournamentId`,`min`,`max`,`scorable`) VALUES (12,'Rekrutt',1,1,2,11,13,1);
INSERT INTO `division` (`id`,`name`,`sortOrder`,`type`,`tournamentId`,`min`,`max`,`scorable`) VALUES (13,'Junior',2,1,2,13,17,1);
INSERT INTO `division` (`id`,`name`,`sortOrder`,`type`,`tournamentId`,`min`,`max`,`scorable`) VALUES (14,'Senior',3,1,2,16,99,1);

INSERT INTO `gymnast` (`id`,`name`,`birthYear`,`birthDate`,`email`,`phone`,`gender`,`allergies`,`guardian1`,`guardian2`,`guardian1Phone`,`guardian2Phone`,`guardian1Email`,`guardian2Email`,`clubId`) VALUES (1,'Mira Bjelland Amundsen',2005,NULL,'miraprinsessa7@gmail.com','48343217',2,'','Øystein Amundsen','Kari Bjelland Wågen','48019009','90062586','oystein.amundsen@gmail.com','kwaagen@hotmail.com',1);
INSERT INTO `gymnast` (`id`,`name`,`birthYear`,`birthDate`,`email`,`phone`,`gender`,`allergies`,`guardian1`,`guardian2`,`guardian1Phone`,`guardian2Phone`,`guardian1Email`,`guardian2Email`,`clubId`) VALUES (2,'Julie Kallevik Melbo',2005,NULL,'','',2,'','Elin Melbo','','92257255','','elinmelbo@yahoo.no','',1);
INSERT INTO `gymnast` (`id`,`name`,`birthYear`,`birthDate`,`email`,`phone`,`gender`,`allergies`,`guardian1`,`guardian2`,`guardian1Phone`,`guardian2Phone`,`guardian1Email`,`guardian2Email`,`clubId`) VALUES (3,'Skage Lysgaard',2000,NULL,'','46681223',1,'','Anders Lysgaard','','48294090','','ande-ly@online.no','',1);
INSERT INTO `gymnast` (`id`,`name`,`birthYear`,`birthDate`,`email`,`phone`,`gender`,`allergies`,`guardian1`,`guardian2`,`guardian1Phone`,`guardian2Phone`,`guardian1Email`,`guardian2Email`,`clubId`) VALUES (4,'Kasper Stokkenes',2004,NULL,'','47239654',1,'','Bente Emberland','Bjørn Willy Stokkenes','46853119','47239654','benteemb@gmail.com','bjorn@adrenasoft.no',1);
INSERT INTO `gymnast` (`id`,`name`,`birthYear`,`birthDate`,`email`,`phone`,`gender`,`allergies`,`guardian1`,`guardian2`,`guardian1Phone`,`guardian2Phone`,`guardian1Email`,`guardian2Email`,`clubId`) VALUES (5,'Rolf Thomas Grindhaug',2004,NULL,'','',1,'','Christine Grindhaug','','95819988','','cgrindhaug@live.no','',1);
INSERT INTO `gymnast` (`id`,`name`,`birthYear`,`birthDate`,`email`,`phone`,`gender`,`allergies`,`guardian1`,`guardian2`,`guardian1Phone`,`guardian2Phone`,`guardian1Email`,`guardian2Email`,`clubId`) VALUES (6,'Heine Ihle Frøyland',2004,NULL,'','97076213',1,'','Hanne Frøyland Aarekol','','47264763','','hannemoren85@hotmail.com','',1);
INSERT INTO `gymnast` (`id`,`name`,`birthYear`,`birthDate`,`email`,`phone`,`gender`,`allergies`,`guardian1`,`guardian2`,`guardian1Phone`,`guardian2Phone`,`guardian1Email`,`guardian2Email`,`clubId`) VALUES (7,'Gjøran Davick',2004,NULL,'Janickedavick@gmail.com','',1,'','Thor Einar Davick','','47338355','','Tedavick@gmail.com','',1);
INSERT INTO `gymnast` (`id`,`name`,`birthYear`,`birthDate`,`email`,`phone`,`gender`,`allergies`,`guardian1`,`guardian2`,`guardian1Phone`,`guardian2Phone`,`guardian1Email`,`guardian2Email`,`clubId`) VALUES (8,'Tiril Christine Danielsen',2004,NULL,'','',2,'','Charlotte Bergersen','','45696606','','Charlottebergersen@hotmail.com','',1);
INSERT INTO `gymnast` (`id`,`name`,`birthYear`,`birthDate`,`email`,`phone`,`gender`,`allergies`,`guardian1`,`guardian2`,`guardian1Phone`,`guardian2Phone`,`guardian1Email`,`guardian2Email`,`clubId`) VALUES (9,'Alva Røthing Østensjø',2005,NULL,'','92689297',2,'','Henry Røthing','','92045457','','henryrothing@gmail.com','',1);
INSERT INTO `gymnast` (`id`,`name`,`birthYear`,`birthDate`,`email`,`phone`,`gender`,`allergies`,`guardian1`,`guardian2`,`guardian1Phone`,`guardian2Phone`,`guardian1Email`,`guardian2Email`,`clubId`) VALUES (10,'Kiana Rose Winsor',2004,NULL,'','',2,'','Line Winsor','','91349317','','linewinsor@gmail.com','',1);
INSERT INTO `gymnast` (`id`,`name`,`birthYear`,`birthDate`,`email`,`phone`,`gender`,`allergies`,`guardian1`,`guardian2`,`guardian1Phone`,`guardian2Phone`,`guardian1Email`,`guardian2Email`,`clubId`) VALUES (11,'Magnus Liabø',2000,NULL,'','',1,'','Kathrine Liabø','','90619533','','kathrine.liabo@haugnett.no','',1);
INSERT INTO `gymnast` (`id`,`name`,`birthYear`,`birthDate`,`email`,`phone`,`gender`,`allergies`,`guardian1`,`guardian2`,`guardian1Phone`,`guardian2Phone`,`guardian1Email`,`guardian2Email`,`clubId`) VALUES (12,'Madeleine Bjelland Nordmark',2008,NULL,'','',2,'','Gunn Marit Bjelland','','45141060','','guggholio@hotmail.com','',1);
INSERT INTO `gymnast` (`id`,`name`,`birthYear`,`birthDate`,`email`,`phone`,`gender`,`allergies`,`guardian1`,`guardian2`,`guardian1Phone`,`guardian2Phone`,`guardian1Email`,`guardian2Email`,`clubId`) VALUES (13,'Maria Løken Folgerø-Holm',2004,NULL,'','',2,'','Tove Folgerø-Holm','','92264996','','tove.folgero-holm@haugnett.no','',1);
INSERT INTO `gymnast` (`id`,`name`,`birthYear`,`birthDate`,`email`,`phone`,`gender`,`allergies`,`guardian1`,`guardian2`,`guardian1Phone`,`guardian2Phone`,`guardian1Email`,`guardian2Email`,`clubId`) VALUES (14,'Tobias Sandal Sandvik',2006,NULL,'','',1,'','Stine Sandal','','93827937','','stine_sandal@hotmail.com','',1);
INSERT INTO `gymnast` (`id`,`name`,`birthYear`,`birthDate`,`email`,`phone`,`gender`,`allergies`,`guardian1`,`guardian2`,`guardian1Phone`,`guardian2Phone`,`guardian1Email`,`guardian2Email`,`clubId`) VALUES (15,'Victoria Olsen Høie',2005,NULL,'','',2,'Lett laktoseintolerans','Trine Høie Tjøsvoll','','9597392','','traine53@hotmail.com','',1);
INSERT INTO `gymnast` (`id`,`name`,`birthYear`,`birthDate`,`email`,`phone`,`gender`,`allergies`,`guardian1`,`guardian2`,`guardian1Phone`,`guardian2Phone`,`guardian1Email`,`guardian2Email`,`clubId`) VALUES (16,'Ariel Christensen',2005,NULL,'','',2,'','Lena Christensen','','90967997','','Lenas2@yahoo.com','',1);
INSERT INTO `gymnast` (`id`,`name`,`birthYear`,`birthDate`,`email`,`phone`,`gender`,`allergies`,`guardian1`,`guardian2`,`guardian1Phone`,`guardian2Phone`,`guardian1Email`,`guardian2Email`,`clubId`) VALUES (17,'Joakim Schønningsen',2004,NULL,'','',1,'','Elisabeth Welle','','95065525','','elisabeth_welle@hotmail.com','',1);
INSERT INTO `gymnast` (`id`,`name`,`birthYear`,`birthDate`,`email`,`phone`,`gender`,`allergies`,`guardian1`,`guardian2`,`guardian1Phone`,`guardian2Phone`,`guardian1Email`,`guardian2Email`,`clubId`) VALUES (18,'Iben Sofie Støyva',2004,NULL,'','',2,'','Marita Kolås','','97589208','','marita.kolas@haugnett.no','',1);
INSERT INTO `gymnast` (`id`,`name`,`birthYear`,`birthDate`,`email`,`phone`,`gender`,`allergies`,`guardian1`,`guardian2`,`guardian1Phone`,`guardian2Phone`,`guardian1Email`,`guardian2Email`,`clubId`) VALUES (20,'Benedikte Gundersen',2004,NULL,'','90783695',2,'','Elisabeth Tveit Gundersen','','99612777','','elisabethtg.78@gmail.com','',1);
INSERT INTO `gymnast` (`id`,`name`,`birthYear`,`birthDate`,`email`,`phone`,`gender`,`allergies`,`guardian1`,`guardian2`,`guardian1Phone`,`guardian2Phone`,`guardian1Email`,`guardian2Email`,`clubId`) VALUES (21,'Sverre Normann Hansen',2000,NULL,'','',1,'','Torunn Hansen','','40614356','','torunn.mh.@hotmail.com','',1);
INSERT INTO `gymnast` (`id`,`name`,`birthYear`,`birthDate`,`email`,`phone`,`gender`,`allergies`,`guardian1`,`guardian2`,`guardian1Phone`,`guardian2Phone`,`guardian1Email`,`guardian2Email`,`clubId`) VALUES (22,'Truls Alvar Sveindal',2005,NULL,'','98447116',1,'','Kirsti Sveindal','Petter Sveindal','47017830','95028187','kirsti@katarsis.no','petter.sveindal@aibel.com',1);
INSERT INTO `gymnast` (`id`,`name`,`birthYear`,`birthDate`,`email`,`phone`,`gender`,`allergies`,`guardian1`,`guardian2`,`guardian1Phone`,`guardian2Phone`,`guardian1Email`,`guardian2Email`,`clubId`) VALUES (23,'Caroline Madsen',2004,NULL,'soira.kvithaug@haugnett.no','95833551',2,'','Alf Ragnar Sørenes','','97191219','','Alf.ragnar.sorenes@afgruppen.no','',1);
INSERT INTO `gymnast` (`id`,`name`,`birthYear`,`birthDate`,`email`,`phone`,`gender`,`allergies`,`guardian1`,`guardian2`,`guardian1Phone`,`guardian2Phone`,`guardian1Email`,`guardian2Email`,`clubId`) VALUES (24,'Marius Reksten Ringen',2006,NULL,'','',1,'','Eli Ringen Reksten','','41044380','','eli_ringen@hotmail.com','',1);
INSERT INTO `gymnast` (`id`,`name`,`birthYear`,`birthDate`,`email`,`phone`,`gender`,`allergies`,`guardian1`,`guardian2`,`guardian1Phone`,`guardian2Phone`,`guardian1Email`,`guardian2Email`,`clubId`) VALUES (26,'Oskar Tomasz Witkowski',2005,NULL,'','',1,'Tåler ikke smør','Beata Wikowski','','96666065','','tomasz.witkowski@haugnett.no','',1);
INSERT INTO `gymnast` (`id`,`name`,`birthYear`,`birthDate`,`email`,`phone`,`gender`,`allergies`,`guardian1`,`guardian2`,`guardian1Phone`,`guardian2Phone`,`guardian1Email`,`guardian2Email`,`clubId`) VALUES (27,'Karsten Skaar Hansen',2006,NULL,'','',1,'','Gro Cecilie Hansen','','92257700','','gch@wcl.no','',1);
INSERT INTO `gymnast` (`id`,`name`,`birthYear`,`birthDate`,`email`,`phone`,`gender`,`allergies`,`guardian1`,`guardian2`,`guardian1Phone`,`guardian2Phone`,`guardian1Email`,`guardian2Email`,`clubId`) VALUES (28,'Thea Frøyland',2004,NULL,'','',2,'','Tor Egil Frøyland','','92405507','','gardstol@gmail.com','',1);
INSERT INTO `gymnast` (`id`,`name`,`birthYear`,`birthDate`,`email`,`phone`,`gender`,`allergies`,`guardian1`,`guardian2`,`guardian1Phone`,`guardian2Phone`,`guardian1Email`,`guardian2Email`,`clubId`) VALUES (29,'Sigrid Dybvik Ekrene',2004,NULL,'','',2,'','Helene Dybvik Ekrene','','97175815','','heleneekrene@yahoo.com','',1);
INSERT INTO `gymnast` (`id`,`name`,`birthYear`,`birthDate`,`email`,`phone`,`gender`,`allergies`,`guardian1`,`guardian2`,`guardian1Phone`,`guardian2Phone`,`guardian1Email`,`guardian2Email`,`clubId`) VALUES (30,'Amalie Akernes Skogen',2008,NULL,NULL,'',2,NULL,'Sølvi Akernes',NULL,'92879969',NULL,'Sa_19@hotmail.com',NULL,1);
INSERT INTO `gymnast` (`id`,`name`,`birthYear`,`birthDate`,`email`,`phone`,`gender`,`allergies`,`guardian1`,`guardian2`,`guardian1Phone`,`guardian2Phone`,`guardian1Email`,`guardian2Email`,`clubId`) VALUES (31,'Andreas Davidsen Finne',2008,NULL,NULL,NULL,1,NULL,'Ingebjørg Davidsen','Geir Inge Davidsen','91677836',NULL,'i-davids@online.no',NULL,1);
INSERT INTO `gymnast` (`id`,`name`,`birthYear`,`birthDate`,`email`,`phone`,`gender`,`allergies`,`guardian1`,`guardian2`,`guardian1Phone`,`guardian2Phone`,`guardian1Email`,`guardian2Email`,`clubId`) VALUES (32,'Benjamin Vikse',2008,NULL,NULL,NULL,1,NULL,'Hilde Vikse',NULL,'40470814',NULL,'hilde.vikse@live.no',NULL,1);
INSERT INTO `gymnast` (`id`,`name`,`birthYear`,`birthDate`,`email`,`phone`,`gender`,`allergies`,`guardian1`,`guardian2`,`guardian1Phone`,`guardian2Phone`,`guardian1Email`,`guardian2Email`,`clubId`) VALUES (33,'Bjørn Isak Hansen',2009,NULL,NULL,NULL,1,NULL,'Jessica Elisabeth Hansen',NULL,'91118849',NULL,'elisa_ne166@hotmail.com',NULL,1);
INSERT INTO `gymnast` (`id`,`name`,`birthYear`,`birthDate`,`email`,`phone`,`gender`,`allergies`,`guardian1`,`guardian2`,`guardian1Phone`,`guardian2Phone`,`guardian1Email`,`guardian2Email`,`clubId`) VALUES (34,'Elina Rønningen',2007,NULL,NULL,NULL,2,NULL,'Elisabeth Thorsen',NULL,'92259099',NULL,'elisabethht@gmail.com',NULL,1);
INSERT INTO `gymnast` (`id`,`name`,`birthYear`,`birthDate`,`email`,`phone`,`gender`,`allergies`,`guardian1`,`guardian2`,`guardian1Phone`,`guardian2Phone`,`guardian1Email`,`guardian2Email`,`clubId`) VALUES (35,'Frida Eikeskog',2008,NULL,NULL,NULL,2,NULL,'May Britt Eikeskog',NULL,'Mayaeik@hotmail.com',NULL,'98499790',NULL,1);
INSERT INTO `gymnast` (`id`,`name`,`birthYear`,`birthDate`,`email`,`phone`,`gender`,`allergies`,`guardian1`,`guardian2`,`guardian1Phone`,`guardian2Phone`,`guardian1Email`,`guardian2Email`,`clubId`) VALUES (36,'Gina Laurense Hevrøy Drivenes',2007,NULL,NULL,NULL,2,NULL,'Elin Marie Drivenes','Stian Hevrøy','45395806',NULL,'bippe79@hotmail.com',NULL,1);
INSERT INTO `gymnast` (`id`,`name`,`birthYear`,`birthDate`,`email`,`phone`,`gender`,`allergies`,`guardian1`,`guardian2`,`guardian1Phone`,`guardian2Phone`,`guardian1Email`,`guardian2Email`,`clubId`) VALUES (37,'Henrik Mittet Kyvik',2008,NULL,NULL,NULL,1,NULL,'Ruth Kyvik',NULL,'48147154',NULL,'rkyvik@gmail.com',NULL,1);
INSERT INTO `gymnast` (`id`,`name`,`birthYear`,`birthDate`,`email`,`phone`,`gender`,`allergies`,`guardian1`,`guardian2`,`guardian1Phone`,`guardian2Phone`,`guardian1Email`,`guardian2Email`,`clubId`) VALUES (38,'Jesper Danielsen Odland',2009,NULL,NULL,NULL,1,NULL,'Hanne Lund Odland',NULL,'48147154',NULL,'halunodl@gmail.com',NULL,1);
INSERT INTO `gymnast` (`id`,`name`,`birthYear`,`birthDate`,`email`,`phone`,`gender`,`allergies`,`guardian1`,`guardian2`,`guardian1Phone`,`guardian2Phone`,`guardian1Email`,`guardian2Email`,`clubId`) VALUES (39,'Jonas Osmundsen',2007,NULL,NULL,NULL,1,NULL,'Janne Osmundsen',NULL,'92208330',NULL,'janne527@hotmail.com',NULL,1);
INSERT INTO `gymnast` (`id`,`name`,`birthYear`,`birthDate`,`email`,`phone`,`gender`,`allergies`,`guardian1`,`guardian2`,`guardian1Phone`,`guardian2Phone`,`guardian1Email`,`guardian2Email`,`clubId`) VALUES (41,'Mathias Hagen',2008,NULL,NULL,NULL,1,NULL,'Leif Reidar Hagen',NULL,'48019003',NULL,'leif.r.hagen@hotmail.com',NULL,1);
INSERT INTO `gymnast` (`id`,`name`,`birthYear`,`birthDate`,`email`,`phone`,`gender`,`allergies`,`guardian1`,`guardian2`,`guardian1Phone`,`guardian2Phone`,`guardian1Email`,`guardian2Email`,`clubId`) VALUES (42,'Sofia Meland',2009,NULL,NULL,NULL,2,NULL,'Anette Meland',NULL,'45241170',NULL,'anettelura20@hotmail.com',NULL,1);
INSERT INTO `gymnast` (`id`,`name`,`birthYear`,`birthDate`,`email`,`phone`,`gender`,`allergies`,`guardian1`,`guardian2`,`guardian1Phone`,`guardian2Phone`,`guardian1Email`,`guardian2Email`,`clubId`) VALUES (43,'Torstein Røthing Østensjø',2008,NULL,NULL,NULL,1,NULL,'Henry Røthing',NULL,'92045457',NULL,'henrtyrothing@gmail.com',NULL,1);
INSERT INTO `gymnast` (`id`,`name`,`birthYear`,`birthDate`,`email`,`phone`,`gender`,`allergies`,`guardian1`,`guardian2`,`guardian1Phone`,`guardian2Phone`,`guardian1Email`,`guardian2Email`,`clubId`) VALUES (44,'Vilde Sofie Korneliussen',2008,NULL,NULL,NULL,2,NULL,'Rikke Grønås',NULL,'47245480',NULL,'shorti_83@hotmail.com',NULL,1);
INSERT INTO `gymnast` (`id`,`name`,`birthYear`,`birthDate`,`email`,`phone`,`gender`,`allergies`,`guardian1`,`guardian2`,`guardian1Phone`,`guardian2Phone`,`guardian1Email`,`guardian2Email`,`clubId`) VALUES (45,'Janne Holgersen',2005,NULL,NULL,'40700176',2,NULL,'Marianne Holgersen',NULL,'92054834',NULL,'marianne@hohannessen.no',NULL,1);
INSERT INTO `gymnast` (`id`,`name`,`birthYear`,`birthDate`,`email`,`phone`,`gender`,`allergies`,`guardian1`,`guardian2`,`guardian1Phone`,`guardian2Phone`,`guardian1Email`,`guardian2Email`,`clubId`) VALUES (46,'Madeleine Harveland',2004,NULL,NULL,'45026768',2,NULL,'Anne Beth Harveland',NULL,'47240498',NULL,'Fam.harveland@gmail.com',NULL,1);
INSERT INTO `gymnast` (`id`,`name`,`birthYear`,`birthDate`,`email`,`phone`,`gender`,`allergies`,`guardian1`,`guardian2`,`guardian1Phone`,`guardian2Phone`,`guardian1Email`,`guardian2Email`,`clubId`) VALUES (47,'Malene Asheim Kolstø',2005,NULL,NULL,'93610381',2,NULL,'Benedikte Kolstø','Edvin Asheim','93428102','40674631','Benedikte.k@hotmail.com','Edvinasheim@gmail.com',1);
INSERT INTO `gymnast` (`id`,`name`,`birthYear`,`birthDate`,`email`,`phone`,`gender`,`allergies`,`guardian1`,`guardian2`,`guardian1Phone`,`guardian2Phone`,`guardian1Email`,`guardian2Email`,`clubId`) VALUES (48,'Anna Elisabeth Røgenes',2003,NULL,NULL,'41756622',2,NULL,'Agnes Stavland','Kjell Arne Røgenes','92646173','47468002','almagnes@hotmail.com','kjell.arne.rogenes@westcon.no',1);
INSERT INTO `gymnast` (`id`,`name`,`birthYear`,`birthDate`,`email`,`phone`,`gender`,`allergies`,`guardian1`,`guardian2`,`guardian1Phone`,`guardian2Phone`,`guardian1Email`,`guardian2Email`,`clubId`) VALUES (49,'Christian Trulsen Hasseløy',2005,NULL,'gunnhelen9@hotmail.com','99341870',2,NULL,'Kai Trulsen',NULL,'Kai.trulsen@gmail.com',NULL,'93255263',NULL,1);
INSERT INTO `gymnast` (`id`,`name`,`birthYear`,`birthDate`,`email`,`phone`,`gender`,`allergies`,`guardian1`,`guardian2`,`guardian1Phone`,`guardian2Phone`,`guardian1Email`,`guardian2Email`,`clubId`) VALUES (50,'Emilie Bratvold',2003,NULL,NULL,NULL,2,NULL,'Eva Marie Bratvold',NULL,'97645601',NULL,'evamarie.bratvold@gmail.com',NULL,1);
INSERT INTO `gymnast` (`id`,`name`,`birthYear`,`birthDate`,`email`,`phone`,`gender`,`allergies`,`guardian1`,`guardian2`,`guardian1Phone`,`guardian2Phone`,`guardian1Email`,`guardian2Email`,`clubId`) VALUES (51,'Emma Wulfsberg Kvamme',2001,NULL,NULL,NULL,2,NULL,'Lise Kvamme Wulfsberg',NULL,'90740407',NULL,'lise@wulfsberg.org',NULL,1);
INSERT INTO `gymnast` (`id`,`name`,`birthYear`,`birthDate`,`email`,`phone`,`gender`,`allergies`,`guardian1`,`guardian2`,`guardian1Phone`,`guardian2Phone`,`guardian1Email`,`guardian2Email`,`clubId`) VALUES (52,'Jonas Nilssen',2003,NULL,NULL,'45454602',2,NULL,'Merethe Jørgensen',NULL,'97581930',NULL,'merethe40@hotmail.com',NULL,1);
INSERT INTO `gymnast` (`id`,`name`,`birthYear`,`birthDate`,`email`,`phone`,`gender`,`allergies`,`guardian1`,`guardian2`,`guardian1Phone`,`guardian2Phone`,`guardian1Email`,`guardian2Email`,`clubId`) VALUES (53,'Jørgen Fosen Persson',2002,NULL,NULL,'97900048',1,NULL,'Harald Fosen',NULL,'90087627',NULL,'Hafose@online.no',NULL,1);
INSERT INTO `gymnast` (`id`,`name`,`birthYear`,`birthDate`,`email`,`phone`,`gender`,`allergies`,`guardian1`,`guardian2`,`guardian1Phone`,`guardian2Phone`,`guardian1Email`,`guardian2Email`,`clubId`) VALUES (54,'Marius Larsen Sakkestad',2002,NULL,NULL,NULL,1,NULL,'Geir Sakkestad',NULL,'99250636',NULL,'gsakkest@online.no',NULL,1);
INSERT INTO `gymnast` (`id`,`name`,`birthYear`,`birthDate`,`email`,`phone`,`gender`,`allergies`,`guardian1`,`guardian2`,`guardian1Phone`,`guardian2Phone`,`guardian1Email`,`guardian2Email`,`clubId`) VALUES (55,'Regine Lillebråten Økland',2003,NULL,NULL,NULL,2,NULL,'Grethe Økland Lillebråten',NULL,'93027387',NULL,'glille.lillebrten8@gmail.com',NULL,1);
INSERT INTO `gymnast` (`id`,`name`,`birthYear`,`birthDate`,`email`,`phone`,`gender`,`allergies`,`guardian1`,`guardian2`,`guardian1Phone`,`guardian2Phone`,`guardian1Email`,`guardian2Email`,`clubId`) VALUES (56,'Sigurd Kringeland',2002,NULL,NULL,NULL,1,NULL,'Olaug Sandve',NULL,'99168968',NULL,'olaug.sandve@gmail.com',NULL,1);
INSERT INTO `gymnast` (`id`,`name`,`birthYear`,`birthDate`,`email`,`phone`,`gender`,`allergies`,`guardian1`,`guardian2`,`guardian1Phone`,`guardian2Phone`,`guardian1Email`,`guardian2Email`,`clubId`) VALUES (57,'Tor Nedland Skogland',2000,NULL,NULL,'90749060',1,NULL,'Anita V. Skogland',NULL,'93200747',NULL,'anita@nilssund.no',NULL,1);
INSERT INTO `gymnast` (`id`,`name`,`birthYear`,`birthDate`,`email`,`phone`,`gender`,`allergies`,`guardian1`,`guardian2`,`guardian1Phone`,`guardian2Phone`,`guardian1Email`,`guardian2Email`,`clubId`) VALUES (58,'Torkatla Gydja Armannsdottir',2003,NULL,NULL,NULL,2,NULL,'Ellen Johannsdottir',NULL,'48462826',NULL,'ellenosk1@gmail.com',NULL,1);
INSERT INTO `gymnast` (`id`,`name`,`birthYear`,`birthDate`,`email`,`phone`,`gender`,`allergies`,`guardian1`,`guardian2`,`guardian1Phone`,`guardian2Phone`,`guardian1Email`,`guardian2Email`,`clubId`) VALUES (59,'Nina Aalvik',1999,NULL,NULL,'41384145',2,NULL,'Lillian Tjelmeland',NULL,'91777306',NULL,'aalvik_99@hotmail.com',NULL,1);
INSERT INTO `gymnast` (`id`,`name`,`birthYear`,`birthDate`,`email`,`phone`,`gender`,`allergies`,`guardian1`,`guardian2`,`guardian1Phone`,`guardian2Phone`,`guardian1Email`,`guardian2Email`,`clubId`) VALUES (60,'Leon Johnsen',2008,NULL,NULL,NULL,1,NULL,NULL,NULL,NULL,NULL,NULL,NULL,1);
INSERT INTO `gymnast` (`id`,`name`,`birthYear`,`birthDate`,`email`,`phone`,`gender`,`allergies`,`guardian1`,`guardian2`,`guardian1Phone`,`guardian2Phone`,`guardian1Email`,`guardian2Email`,`clubId`) VALUES (61,'Per Gunnar Westerlund',1987,NULL,NULL,NULL,1,NULL,NULL,NULL,NULL,NULL,NULL,NULL,1);
INSERT INTO `gymnast` (`id`,`name`,`birthYear`,`birthDate`,`email`,`phone`,`gender`,`allergies`,`guardian1`,`guardian2`,`guardian1Phone`,`guardian2Phone`,`guardian1Email`,`guardian2Email`,`clubId`) VALUES (62,'Theo Salt Hoft',2009,NULL,NULL,NULL,1,NULL,NULL,NULL,NULL,NULL,NULL,NULL,1);
INSERT INTO `gymnast` (`id`,`name`,`birthYear`,`birthDate`,`email`,`phone`,`gender`,`allergies`,`guardian1`,`guardian2`,`guardian1Phone`,`guardian2Phone`,`guardian1Email`,`guardian2Email`,`clubId`) VALUES (63,'Jesper O. Danielsen',2009,NULL,NULL,NULL,1,NULL,NULL,NULL,NULL,NULL,NULL,NULL,1);
INSERT INTO `gymnast` (`id`,`name`,`birthYear`,`birthDate`,`email`,`phone`,`gender`,`allergies`,`guardian1`,`guardian2`,`guardian1Phone`,`guardian2Phone`,`guardian1Email`,`guardian2Email`,`clubId`) VALUES (64,'Jan Carballeri',2009,NULL,NULL,NULL,1,NULL,NULL,NULL,NULL,NULL,NULL,NULL,3);
INSERT INTO `gymnast` (`id`,`name`,`birthYear`,`birthDate`,`email`,`phone`,`gender`,`allergies`,`guardian1`,`guardian2`,`guardian1Phone`,`guardian2Phone`,`guardian1Email`,`guardian2Email`,`clubId`) VALUES (65,'Jenny Lomeland',2009,NULL,NULL,NULL,2,NULL,NULL,NULL,NULL,NULL,NULL,NULL,3);
INSERT INTO `gymnast` (`id`,`name`,`birthYear`,`birthDate`,`email`,`phone`,`gender`,`allergies`,`guardian1`,`guardian2`,`guardian1Phone`,`guardian2Phone`,`guardian1Email`,`guardian2Email`,`clubId`) VALUES (66,'Lydia Liljevold-Birkeland',2008,NULL,NULL,NULL,2,NULL,NULL,NULL,NULL,NULL,NULL,NULL,3);
INSERT INTO `gymnast` (`id`,`name`,`birthYear`,`birthDate`,`email`,`phone`,`gender`,`allergies`,`guardian1`,`guardian2`,`guardian1Phone`,`guardian2Phone`,`guardian1Email`,`guardian2Email`,`clubId`) VALUES (67,'Ema Lubovac',2010,NULL,NULL,NULL,2,NULL,NULL,NULL,NULL,NULL,NULL,NULL,3);
INSERT INTO `gymnast` (`id`,`name`,`birthYear`,`birthDate`,`email`,`phone`,`gender`,`allergies`,`guardian1`,`guardian2`,`guardian1Phone`,`guardian2Phone`,`guardian1Email`,`guardian2Email`,`clubId`) VALUES (68,'Mathilde Ekeland Eriksen',2008,NULL,NULL,NULL,2,NULL,NULL,NULL,NULL,NULL,NULL,NULL,3);
INSERT INTO `gymnast` (`id`,`name`,`birthYear`,`birthDate`,`email`,`phone`,`gender`,`allergies`,`guardian1`,`guardian2`,`guardian1Phone`,`guardian2Phone`,`guardian1Email`,`guardian2Email`,`clubId`) VALUES (69,'Emil Debes Gummedal',2009,NULL,NULL,NULL,1,NULL,NULL,NULL,NULL,NULL,NULL,NULL,3);
INSERT INTO `gymnast` (`id`,`name`,`birthYear`,`birthDate`,`email`,`phone`,`gender`,`allergies`,`guardian1`,`guardian2`,`guardian1Phone`,`guardian2Phone`,`guardian1Email`,`guardian2Email`,`clubId`) VALUES (71,'Mario Borgund',2010,NULL,NULL,NULL,1,NULL,NULL,NULL,NULL,NULL,NULL,NULL,3);
INSERT INTO `gymnast` (`id`,`name`,`birthYear`,`birthDate`,`email`,`phone`,`gender`,`allergies`,`guardian1`,`guardian2`,`guardian1Phone`,`guardian2Phone`,`guardian1Email`,`guardian2Email`,`clubId`) VALUES (72,'Jens Van Noort',2007,NULL,NULL,NULL,1,NULL,NULL,NULL,NULL,NULL,NULL,NULL,3);
INSERT INTO `gymnast` (`id`,`name`,`birthYear`,`birthDate`,`email`,`phone`,`gender`,`allergies`,`guardian1`,`guardian2`,`guardian1Phone`,`guardian2Phone`,`guardian1Email`,`guardian2Email`,`clubId`) VALUES (73,'Mikkel Hansen Kastellet',2007,NULL,NULL,NULL,1,NULL,NULL,NULL,NULL,NULL,NULL,NULL,3);
INSERT INTO `gymnast` (`id`,`name`,`birthYear`,`birthDate`,`email`,`phone`,`gender`,`allergies`,`guardian1`,`guardian2`,`guardian1Phone`,`guardian2Phone`,`guardian1Email`,`guardian2Email`,`clubId`) VALUES (74,'Frida Hansen Kastellet',2007,NULL,NULL,NULL,2,NULL,NULL,NULL,NULL,NULL,NULL,NULL,3);
INSERT INTO `gymnast` (`id`,`name`,`birthYear`,`birthDate`,`email`,`phone`,`gender`,`allergies`,`guardian1`,`guardian2`,`guardian1Phone`,`guardian2Phone`,`guardian1Email`,`guardian2Email`,`clubId`) VALUES (75,'Elias Byklum Ulsnes',2006,NULL,NULL,NULL,1,NULL,NULL,NULL,NULL,NULL,NULL,NULL,3);
INSERT INTO `gymnast` (`id`,`name`,`birthYear`,`birthDate`,`email`,`phone`,`gender`,`allergies`,`guardian1`,`guardian2`,`guardian1Phone`,`guardian2Phone`,`guardian1Email`,`guardian2Email`,`clubId`) VALUES (76,'John Kristoffer Kristiansen',2006,NULL,NULL,NULL,1,NULL,NULL,NULL,NULL,NULL,NULL,NULL,3);
INSERT INTO `gymnast` (`id`,`name`,`birthYear`,`birthDate`,`email`,`phone`,`gender`,`allergies`,`guardian1`,`guardian2`,`guardian1Phone`,`guardian2Phone`,`guardian1Email`,`guardian2Email`,`clubId`) VALUES (77,'Hanna Louise Nilsen',2006,NULL,NULL,NULL,2,NULL,NULL,NULL,NULL,NULL,NULL,NULL,3);
INSERT INTO `gymnast` (`id`,`name`,`birthYear`,`birthDate`,`email`,`phone`,`gender`,`allergies`,`guardian1`,`guardian2`,`guardian1Phone`,`guardian2Phone`,`guardian1Email`,`guardian2Email`,`clubId`) VALUES (78,'Åsmund V. Tveranger',2006,NULL,NULL,NULL,1,NULL,NULL,NULL,NULL,NULL,NULL,NULL,3);
INSERT INTO `gymnast` (`id`,`name`,`birthYear`,`birthDate`,`email`,`phone`,`gender`,`allergies`,`guardian1`,`guardian2`,`guardian1Phone`,`guardian2Phone`,`guardian1Email`,`guardian2Email`,`clubId`) VALUES (79,'Mille Malie Samuelsen',2005,NULL,NULL,NULL,2,NULL,NULL,NULL,NULL,NULL,NULL,NULL,3);
INSERT INTO `gymnast` (`id`,`name`,`birthYear`,`birthDate`,`email`,`phone`,`gender`,`allergies`,`guardian1`,`guardian2`,`guardian1Phone`,`guardian2Phone`,`guardian1Email`,`guardian2Email`,`clubId`) VALUES (80,'Sol Marit Jacobsen',2005,NULL,NULL,NULL,2,NULL,NULL,NULL,NULL,NULL,NULL,NULL,3);
INSERT INTO `gymnast` (`id`,`name`,`birthYear`,`birthDate`,`email`,`phone`,`gender`,`allergies`,`guardian1`,`guardian2`,`guardian1Phone`,`guardian2Phone`,`guardian1Email`,`guardian2Email`,`clubId`) VALUES (81,'Magnus Syltern Nerland',2005,NULL,NULL,NULL,1,NULL,NULL,NULL,NULL,NULL,NULL,NULL,3);
INSERT INTO `gymnast` (`id`,`name`,`birthYear`,`birthDate`,`email`,`phone`,`gender`,`allergies`,`guardian1`,`guardian2`,`guardian1Phone`,`guardian2Phone`,`guardian1Email`,`guardian2Email`,`clubId`) VALUES (82,'Sanna Øye',2005,NULL,NULL,NULL,2,NULL,NULL,NULL,NULL,NULL,NULL,NULL,3);
INSERT INTO `gymnast` (`id`,`name`,`birthYear`,`birthDate`,`email`,`phone`,`gender`,`allergies`,`guardian1`,`guardian2`,`guardian1Phone`,`guardian2Phone`,`guardian1Email`,`guardian2Email`,`clubId`) VALUES (83,'Mona Angell-Olsen',2004,NULL,NULL,NULL,2,NULL,NULL,NULL,NULL,NULL,NULL,NULL,3);
INSERT INTO `gymnast` (`id`,`name`,`birthYear`,`birthDate`,`email`,`phone`,`gender`,`allergies`,`guardian1`,`guardian2`,`guardian1Phone`,`guardian2Phone`,`guardian1Email`,`guardian2Email`,`clubId`) VALUES (84,'Tor Gjeldevik',2006,NULL,NULL,NULL,1,NULL,NULL,NULL,NULL,NULL,NULL,NULL,3);
INSERT INTO `gymnast` (`id`,`name`,`birthYear`,`birthDate`,`email`,`phone`,`gender`,`allergies`,`guardian1`,`guardian2`,`guardian1Phone`,`guardian2Phone`,`guardian1Email`,`guardian2Email`,`clubId`) VALUES (85,'Even Tunge Aspøy',2002,NULL,NULL,NULL,1,NULL,NULL,NULL,NULL,NULL,NULL,NULL,3);
INSERT INTO `gymnast` (`id`,`name`,`birthYear`,`birthDate`,`email`,`phone`,`gender`,`allergies`,`guardian1`,`guardian2`,`guardian1Phone`,`guardian2Phone`,`guardian1Email`,`guardian2Email`,`clubId`) VALUES (86,'Stine Sophie Tinnesand',2002,NULL,NULL,NULL,2,NULL,NULL,NULL,NULL,NULL,NULL,NULL,3);
INSERT INTO `gymnast` (`id`,`name`,`birthYear`,`birthDate`,`email`,`phone`,`gender`,`allergies`,`guardian1`,`guardian2`,`guardian1Phone`,`guardian2Phone`,`guardian1Email`,`guardian2Email`,`clubId`) VALUES (87,'Simen Jøsang Eliassen',2001,NULL,NULL,NULL,1,NULL,NULL,NULL,NULL,NULL,NULL,NULL,3);
INSERT INTO `gymnast` (`id`,`name`,`birthYear`,`birthDate`,`email`,`phone`,`gender`,`allergies`,`guardian1`,`guardian2`,`guardian1Phone`,`guardian2Phone`,`guardian1Email`,`guardian2Email`,`clubId`) VALUES (88,'Vivian Haugvaldstad',2001,NULL,NULL,NULL,2,NULL,NULL,NULL,NULL,NULL,NULL,NULL,3);
INSERT INTO `gymnast` (`id`,`name`,`birthYear`,`birthDate`,`email`,`phone`,`gender`,`allergies`,`guardian1`,`guardian2`,`guardian1Phone`,`guardian2Phone`,`guardian1Email`,`guardian2Email`,`clubId`) VALUES (89,'Vetle Gilje Lygra',2005,NULL,NULL,NULL,1,NULL,NULL,NULL,NULL,NULL,NULL,NULL,3);
INSERT INTO `gymnast` (`id`,`name`,`birthYear`,`birthDate`,`email`,`phone`,`gender`,`allergies`,`guardian1`,`guardian2`,`guardian1Phone`,`guardian2Phone`,`guardian1Email`,`guardian2Email`,`clubId`) VALUES (90,'Jonas Berg Nilssen',2005,NULL,NULL,NULL,1,NULL,NULL,NULL,NULL,NULL,NULL,NULL,3);
INSERT INTO `gymnast` (`id`,`name`,`birthYear`,`birthDate`,`email`,`phone`,`gender`,`allergies`,`guardian1`,`guardian2`,`guardian1Phone`,`guardian2Phone`,`guardian1Email`,`guardian2Email`,`clubId`) VALUES (91,'Anna Smedvig',2004,NULL,NULL,NULL,2,NULL,NULL,NULL,NULL,NULL,NULL,NULL,3);
INSERT INTO `gymnast` (`id`,`name`,`birthYear`,`birthDate`,`email`,`phone`,`gender`,`allergies`,`guardian1`,`guardian2`,`guardian1Phone`,`guardian2Phone`,`guardian1Email`,`guardian2Email`,`clubId`) VALUES (92,'Tora Gundersen Lund',2002,NULL,NULL,NULL,2,NULL,NULL,NULL,NULL,NULL,NULL,NULL,3);
INSERT INTO `gymnast` (`id`,`name`,`birthYear`,`birthDate`,`email`,`phone`,`gender`,`allergies`,`guardian1`,`guardian2`,`guardian1Phone`,`guardian2Phone`,`guardian1Email`,`guardian2Email`,`clubId`) VALUES (93,'Mari Duestad',2002,NULL,NULL,NULL,2,NULL,NULL,NULL,NULL,NULL,NULL,NULL,3);
INSERT INTO `gymnast` (`id`,`name`,`birthYear`,`birthDate`,`email`,`phone`,`gender`,`allergies`,`guardian1`,`guardian2`,`guardian1Phone`,`guardian2Phone`,`guardian1Email`,`guardian2Email`,`clubId`) VALUES (94,'Emma Aarflott',2004,NULL,NULL,NULL,2,NULL,NULL,NULL,NULL,NULL,NULL,NULL,4);
INSERT INTO `gymnast` (`id`,`name`,`birthYear`,`birthDate`,`email`,`phone`,`gender`,`allergies`,`guardian1`,`guardian2`,`guardian1Phone`,`guardian2Phone`,`guardian1Email`,`guardian2Email`,`clubId`) VALUES (95,'Jennie Marie Rannestad',2004,NULL,NULL,NULL,2,NULL,NULL,NULL,NULL,NULL,NULL,NULL,4);
INSERT INTO `gymnast` (`id`,`name`,`birthYear`,`birthDate`,`email`,`phone`,`gender`,`allergies`,`guardian1`,`guardian2`,`guardian1Phone`,`guardian2Phone`,`guardian1Email`,`guardian2Email`,`clubId`) VALUES (96,'Lisa Rugert-Raustein',2004,NULL,NULL,NULL,2,NULL,NULL,NULL,NULL,NULL,NULL,NULL,4);
INSERT INTO `gymnast` (`id`,`name`,`birthYear`,`birthDate`,`email`,`phone`,`gender`,`allergies`,`guardian1`,`guardian2`,`guardian1Phone`,`guardian2Phone`,`guardian1Email`,`guardian2Email`,`clubId`) VALUES (97,'Kertu Sulg',2003,NULL,NULL,NULL,2,NULL,NULL,NULL,NULL,NULL,NULL,NULL,4);
INSERT INTO `gymnast` (`id`,`name`,`birthYear`,`birthDate`,`email`,`phone`,`gender`,`allergies`,`guardian1`,`guardian2`,`guardian1Phone`,`guardian2Phone`,`guardian1Email`,`guardian2Email`,`clubId`) VALUES (98,'Selma Simonsen Viste',2004,NULL,NULL,NULL,2,NULL,NULL,NULL,NULL,NULL,NULL,NULL,4);
INSERT INTO `gymnast` (`id`,`name`,`birthYear`,`birthDate`,`email`,`phone`,`gender`,`allergies`,`guardian1`,`guardian2`,`guardian1Phone`,`guardian2Phone`,`guardian1Email`,`guardian2Email`,`clubId`) VALUES (99,'Sara Charlotte Voll',2003,NULL,NULL,NULL,2,NULL,NULL,NULL,NULL,NULL,NULL,NULL,4);
INSERT INTO `gymnast` (`id`,`name`,`birthYear`,`birthDate`,`email`,`phone`,`gender`,`allergies`,`guardian1`,`guardian2`,`guardian1Phone`,`guardian2Phone`,`guardian1Email`,`guardian2Email`,`clubId`) VALUES (100,'Sanne Aarøy Meling',2004,NULL,NULL,NULL,2,NULL,NULL,NULL,NULL,NULL,NULL,NULL,4);
INSERT INTO `gymnast` (`id`,`name`,`birthYear`,`birthDate`,`email`,`phone`,`gender`,`allergies`,`guardian1`,`guardian2`,`guardian1Phone`,`guardian2Phone`,`guardian1Email`,`guardian2Email`,`clubId`) VALUES (101,'Vilde Lexau Dahl',2006,NULL,NULL,NULL,2,NULL,NULL,NULL,NULL,NULL,NULL,NULL,4);
INSERT INTO `gymnast` (`id`,`name`,`birthYear`,`birthDate`,`email`,`phone`,`gender`,`allergies`,`guardian1`,`guardian2`,`guardian1Phone`,`guardian2Phone`,`guardian1Email`,`guardian2Email`,`clubId`) VALUES (102,'Celina Rygg Flister',2006,NULL,NULL,NULL,2,NULL,NULL,NULL,NULL,NULL,NULL,NULL,4);
INSERT INTO `gymnast` (`id`,`name`,`birthYear`,`birthDate`,`email`,`phone`,`gender`,`allergies`,`guardian1`,`guardian2`,`guardian1Phone`,`guardian2Phone`,`guardian1Email`,`guardian2Email`,`clubId`) VALUES (103,'Louise Tokvam Larsen',2006,NULL,NULL,NULL,2,NULL,NULL,NULL,NULL,NULL,NULL,NULL,4);
INSERT INTO `gymnast` (`id`,`name`,`birthYear`,`birthDate`,`email`,`phone`,`gender`,`allergies`,`guardian1`,`guardian2`,`guardian1Phone`,`guardian2Phone`,`guardian1Email`,`guardian2Email`,`clubId`) VALUES (104,'Adele Middelthon',2004,NULL,NULL,NULL,2,NULL,NULL,NULL,NULL,NULL,NULL,NULL,4);
INSERT INTO `gymnast` (`id`,`name`,`birthYear`,`birthDate`,`email`,`phone`,`gender`,`allergies`,`guardian1`,`guardian2`,`guardian1Phone`,`guardian2Phone`,`guardian1Email`,`guardian2Email`,`clubId`) VALUES (105,'Louise Voll',2007,NULL,NULL,NULL,2,NULL,NULL,NULL,NULL,NULL,NULL,NULL,4);
INSERT INTO `gymnast` (`id`,`name`,`birthYear`,`birthDate`,`email`,`phone`,`gender`,`allergies`,`guardian1`,`guardian2`,`guardian1Phone`,`guardian2Phone`,`guardian1Email`,`guardian2Email`,`clubId`) VALUES (106,'Rebekka Voll',2006,NULL,NULL,NULL,2,NULL,NULL,NULL,NULL,NULL,NULL,NULL,4);
INSERT INTO `gymnast` (`id`,`name`,`birthYear`,`birthDate`,`email`,`phone`,`gender`,`allergies`,`guardian1`,`guardian2`,`guardian1Phone`,`guardian2Phone`,`guardian1Email`,`guardian2Email`,`clubId`) VALUES (107,'Ingrid Nærland ',1999,NULL,NULL,NULL,2,NULL,NULL,NULL,NULL,NULL,NULL,NULL,5);
INSERT INTO `gymnast` (`id`,`name`,`birthYear`,`birthDate`,`email`,`phone`,`gender`,`allergies`,`guardian1`,`guardian2`,`guardian1Phone`,`guardian2Phone`,`guardian1Email`,`guardian2Email`,`clubId`) VALUES (108,'Jenny Havn Monge ',1999,NULL,NULL,NULL,2,NULL,NULL,NULL,NULL,NULL,NULL,NULL,5);
INSERT INTO `gymnast` (`id`,`name`,`birthYear`,`birthDate`,`email`,`phone`,`gender`,`allergies`,`guardian1`,`guardian2`,`guardian1Phone`,`guardian2Phone`,`guardian1Email`,`guardian2Email`,`clubId`) VALUES (109,'Lise Austigard ',2000,NULL,NULL,NULL,2,NULL,NULL,NULL,NULL,NULL,NULL,NULL,5);
INSERT INTO `gymnast` (`id`,`name`,`birthYear`,`birthDate`,`email`,`phone`,`gender`,`allergies`,`guardian1`,`guardian2`,`guardian1Phone`,`guardian2Phone`,`guardian1Email`,`guardian2Email`,`clubId`) VALUES (110,'Andrea Vigdel ',2000,NULL,NULL,NULL,2,NULL,NULL,NULL,NULL,NULL,NULL,NULL,5);
INSERT INTO `gymnast` (`id`,`name`,`birthYear`,`birthDate`,`email`,`phone`,`gender`,`allergies`,`guardian1`,`guardian2`,`guardian1Phone`,`guardian2Phone`,`guardian1Email`,`guardian2Email`,`clubId`) VALUES (111,'Stine Frafjord ',2001,NULL,NULL,NULL,2,NULL,NULL,NULL,NULL,NULL,NULL,NULL,5);
INSERT INTO `gymnast` (`id`,`name`,`birthYear`,`birthDate`,`email`,`phone`,`gender`,`allergies`,`guardian1`,`guardian2`,`guardian1Phone`,`guardian2Phone`,`guardian1Email`,`guardian2Email`,`clubId`) VALUES (112,'Stine Søndenå',2001,NULL,NULL,NULL,2,NULL,NULL,NULL,NULL,NULL,NULL,NULL,5);
INSERT INTO `gymnast` (`id`,`name`,`birthYear`,`birthDate`,`email`,`phone`,`gender`,`allergies`,`guardian1`,`guardian2`,`guardian1Phone`,`guardian2Phone`,`guardian1Email`,`guardian2Email`,`clubId`) VALUES (113,'Rita Torkelsen Helland ',2001,NULL,NULL,NULL,2,NULL,NULL,NULL,NULL,NULL,NULL,NULL,5);
INSERT INTO `gymnast` (`id`,`name`,`birthYear`,`birthDate`,`email`,`phone`,`gender`,`allergies`,`guardian1`,`guardian2`,`guardian1Phone`,`guardian2Phone`,`guardian1Email`,`guardian2Email`,`clubId`) VALUES (114,'Åsmund Tveit ',2001,NULL,NULL,NULL,1,NULL,NULL,NULL,NULL,NULL,NULL,NULL,5);
INSERT INTO `gymnast` (`id`,`name`,`birthYear`,`birthDate`,`email`,`phone`,`gender`,`allergies`,`guardian1`,`guardian2`,`guardian1Phone`,`guardian2Phone`,`guardian1Email`,`guardian2Email`,`clubId`) VALUES (115,'Selma Melstveit Espeland ',2001,NULL,NULL,NULL,2,NULL,NULL,NULL,NULL,NULL,NULL,NULL,5);
INSERT INTO `gymnast` (`id`,`name`,`birthYear`,`birthDate`,`email`,`phone`,`gender`,`allergies`,`guardian1`,`guardian2`,`guardian1Phone`,`guardian2Phone`,`guardian1Email`,`guardian2Email`,`clubId`) VALUES (116,'Daniel Skjærpe ',2001,NULL,NULL,NULL,1,NULL,NULL,NULL,NULL,NULL,NULL,NULL,5);
INSERT INTO `gymnast` (`id`,`name`,`birthYear`,`birthDate`,`email`,`phone`,`gender`,`allergies`,`guardian1`,`guardian2`,`guardian1Phone`,`guardian2Phone`,`guardian1Email`,`guardian2Email`,`clubId`) VALUES (117,'Elise Hellevik ',2002,NULL,NULL,NULL,2,NULL,NULL,NULL,NULL,NULL,NULL,NULL,5);
INSERT INTO `gymnast` (`id`,`name`,`birthYear`,`birthDate`,`email`,`phone`,`gender`,`allergies`,`guardian1`,`guardian2`,`guardian1Phone`,`guardian2Phone`,`guardian1Email`,`guardian2Email`,`clubId`) VALUES (118,'Jone Tangen ',2002,NULL,NULL,NULL,1,NULL,NULL,NULL,NULL,NULL,NULL,NULL,5);
INSERT INTO `gymnast` (`id`,`name`,`birthYear`,`birthDate`,`email`,`phone`,`gender`,`allergies`,`guardian1`,`guardian2`,`guardian1Phone`,`guardian2Phone`,`guardian1Email`,`guardian2Email`,`clubId`) VALUES (119,'Sarah Skjæveland ',2002,NULL,NULL,NULL,2,NULL,NULL,NULL,NULL,NULL,NULL,NULL,5);
INSERT INTO `gymnast` (`id`,`name`,`birthYear`,`birthDate`,`email`,`phone`,`gender`,`allergies`,`guardian1`,`guardian2`,`guardian1Phone`,`guardian2Phone`,`guardian1Email`,`guardian2Email`,`clubId`) VALUES (120,'Mari Furland Elvebakk',2002,NULL,NULL,NULL,2,NULL,NULL,NULL,NULL,NULL,NULL,NULL,5);
INSERT INTO `gymnast` (`id`,`name`,`birthYear`,`birthDate`,`email`,`phone`,`gender`,`allergies`,`guardian1`,`guardian2`,`guardian1Phone`,`guardian2Phone`,`guardian1Email`,`guardian2Email`,`clubId`) VALUES (121,'Enja Norås Hess',2003,NULL,NULL,NULL,2,NULL,NULL,NULL,NULL,NULL,NULL,NULL,5);
INSERT INTO `gymnast` (`id`,`name`,`birthYear`,`birthDate`,`email`,`phone`,`gender`,`allergies`,`guardian1`,`guardian2`,`guardian1Phone`,`guardian2Phone`,`guardian1Email`,`guardian2Email`,`clubId`) VALUES (122,'Andreas Vold Dalen ',2003,NULL,NULL,NULL,1,NULL,NULL,NULL,NULL,NULL,NULL,NULL,5);
INSERT INTO `gymnast` (`id`,`name`,`birthYear`,`birthDate`,`email`,`phone`,`gender`,`allergies`,`guardian1`,`guardian2`,`guardian1Phone`,`guardian2Phone`,`guardian1Email`,`guardian2Email`,`clubId`) VALUES (123,'Sara Ims ',2003,NULL,NULL,NULL,2,NULL,NULL,NULL,NULL,NULL,NULL,NULL,5);
INSERT INTO `gymnast` (`id`,`name`,`birthYear`,`birthDate`,`email`,`phone`,`gender`,`allergies`,`guardian1`,`guardian2`,`guardian1Phone`,`guardian2Phone`,`guardian1Email`,`guardian2Email`,`clubId`) VALUES (124,'Tormod Ween ',2003,NULL,NULL,NULL,1,NULL,NULL,NULL,NULL,NULL,NULL,NULL,5);
INSERT INTO `gymnast` (`id`,`name`,`birthYear`,`birthDate`,`email`,`phone`,`gender`,`allergies`,`guardian1`,`guardian2`,`guardian1Phone`,`guardian2Phone`,`guardian1Email`,`guardian2Email`,`clubId`) VALUES (125,'Håvard Herabakke Flesjå',2003,NULL,NULL,NULL,1,NULL,NULL,NULL,NULL,NULL,NULL,NULL,5);
INSERT INTO `gymnast` (`id`,`name`,`birthYear`,`birthDate`,`email`,`phone`,`gender`,`allergies`,`guardian1`,`guardian2`,`guardian1Phone`,`guardian2Phone`,`guardian1Email`,`guardian2Email`,`clubId`) VALUES (126,'Johann Skattkjær Bråten ',2003,NULL,NULL,NULL,1,'Ikke smør',NULL,NULL,NULL,NULL,NULL,NULL,5);
INSERT INTO `gymnast` (`id`,`name`,`birthYear`,`birthDate`,`email`,`phone`,`gender`,`allergies`,`guardian1`,`guardian2`,`guardian1Phone`,`guardian2Phone`,`guardian1Email`,`guardian2Email`,`clubId`) VALUES (127,'Johannes Tonstad Dale',2003,NULL,NULL,NULL,1,'Ikke smør',NULL,NULL,NULL,NULL,NULL,NULL,5);
INSERT INTO `gymnast` (`id`,`name`,`birthYear`,`birthDate`,`email`,`phone`,`gender`,`allergies`,`guardian1`,`guardian2`,`guardian1Phone`,`guardian2Phone`,`guardian1Email`,`guardian2Email`,`clubId`) VALUES (128,'Kristina Berit Oldeide ',2004,NULL,NULL,NULL,2,NULL,NULL,NULL,NULL,NULL,NULL,NULL,5);
INSERT INTO `gymnast` (`id`,`name`,`birthYear`,`birthDate`,`email`,`phone`,`gender`,`allergies`,`guardian1`,`guardian2`,`guardian1Phone`,`guardian2Phone`,`guardian1Email`,`guardian2Email`,`clubId`) VALUES (129,'Hedda Huusko',2004,NULL,NULL,NULL,2,NULL,NULL,NULL,NULL,NULL,NULL,NULL,5);
INSERT INTO `gymnast` (`id`,`name`,`birthYear`,`birthDate`,`email`,`phone`,`gender`,`allergies`,`guardian1`,`guardian2`,`guardian1Phone`,`guardian2Phone`,`guardian1Email`,`guardian2Email`,`clubId`) VALUES (130,'Marthe Dalseth',2004,NULL,NULL,NULL,2,NULL,NULL,NULL,NULL,NULL,NULL,NULL,5);
INSERT INTO `gymnast` (`id`,`name`,`birthYear`,`birthDate`,`email`,`phone`,`gender`,`allergies`,`guardian1`,`guardian2`,`guardian1Phone`,`guardian2Phone`,`guardian1Email`,`guardian2Email`,`clubId`) VALUES (131,'Kine Hovland Mikalsen ',2004,NULL,NULL,NULL,2,NULL,NULL,NULL,NULL,NULL,NULL,NULL,5);
INSERT INTO `gymnast` (`id`,`name`,`birthYear`,`birthDate`,`email`,`phone`,`gender`,`allergies`,`guardian1`,`guardian2`,`guardian1Phone`,`guardian2Phone`,`guardian1Email`,`guardian2Email`,`clubId`) VALUES (132,'Ingrid Herstad ',2004,NULL,NULL,NULL,2,NULL,NULL,NULL,NULL,NULL,NULL,NULL,5);
INSERT INTO `gymnast` (`id`,`name`,`birthYear`,`birthDate`,`email`,`phone`,`gender`,`allergies`,`guardian1`,`guardian2`,`guardian1Phone`,`guardian2Phone`,`guardian1Email`,`guardian2Email`,`clubId`) VALUES (133,'Kajsa Reiestad Mann',2004,NULL,NULL,NULL,2,NULL,NULL,NULL,NULL,NULL,NULL,NULL,5);
INSERT INTO `gymnast` (`id`,`name`,`birthYear`,`birthDate`,`email`,`phone`,`gender`,`allergies`,`guardian1`,`guardian2`,`guardian1Phone`,`guardian2Phone`,`guardian1Email`,`guardian2Email`,`clubId`) VALUES (134,'Vilde Dalen ',2004,NULL,NULL,NULL,2,NULL,NULL,NULL,NULL,NULL,NULL,NULL,5);
INSERT INTO `gymnast` (`id`,`name`,`birthYear`,`birthDate`,`email`,`phone`,`gender`,`allergies`,`guardian1`,`guardian2`,`guardian1Phone`,`guardian2Phone`,`guardian1Email`,`guardian2Email`,`clubId`) VALUES (135,'Othilia Nesse Halvorsen ',2004,NULL,NULL,NULL,2,NULL,NULL,NULL,NULL,NULL,NULL,NULL,5);
INSERT INTO `gymnast` (`id`,`name`,`birthYear`,`birthDate`,`email`,`phone`,`gender`,`allergies`,`guardian1`,`guardian2`,`guardian1Phone`,`guardian2Phone`,`guardian1Email`,`guardian2Email`,`clubId`) VALUES (136,'Magne Volden ',2004,NULL,NULL,NULL,1,'Ikke smør og skinke',NULL,NULL,NULL,NULL,NULL,NULL,5);
INSERT INTO `gymnast` (`id`,`name`,`birthYear`,`birthDate`,`email`,`phone`,`gender`,`allergies`,`guardian1`,`guardian2`,`guardian1Phone`,`guardian2Phone`,`guardian1Email`,`guardian2Email`,`clubId`) VALUES (137,'Pia Bøe ',2005,NULL,NULL,NULL,2,NULL,NULL,NULL,NULL,NULL,NULL,NULL,5);
INSERT INTO `gymnast` (`id`,`name`,`birthYear`,`birthDate`,`email`,`phone`,`gender`,`allergies`,`guardian1`,`guardian2`,`guardian1Phone`,`guardian2Phone`,`guardian1Email`,`guardian2Email`,`clubId`) VALUES (138,'Hedda Lie Breivik ',2005,NULL,NULL,NULL,2,NULL,NULL,NULL,NULL,NULL,NULL,NULL,5);
INSERT INTO `gymnast` (`id`,`name`,`birthYear`,`birthDate`,`email`,`phone`,`gender`,`allergies`,`guardian1`,`guardian2`,`guardian1Phone`,`guardian2Phone`,`guardian1Email`,`guardian2Email`,`clubId`) VALUES (139,'Thomas Riska ',2005,NULL,NULL,NULL,1,NULL,NULL,NULL,NULL,NULL,NULL,NULL,5);
INSERT INTO `gymnast` (`id`,`name`,`birthYear`,`birthDate`,`email`,`phone`,`gender`,`allergies`,`guardian1`,`guardian2`,`guardian1Phone`,`guardian2Phone`,`guardian1Email`,`guardian2Email`,`clubId`) VALUES (140,'Tiril Emilie Hjorth',2005,NULL,NULL,NULL,2,NULL,NULL,NULL,NULL,NULL,NULL,NULL,5);
INSERT INTO `gymnast` (`id`,`name`,`birthYear`,`birthDate`,`email`,`phone`,`gender`,`allergies`,`guardian1`,`guardian2`,`guardian1Phone`,`guardian2Phone`,`guardian1Email`,`guardian2Email`,`clubId`) VALUES (141,'Selma Ims ',2005,NULL,NULL,NULL,2,NULL,NULL,NULL,NULL,NULL,NULL,NULL,5);
INSERT INTO `gymnast` (`id`,`name`,`birthYear`,`birthDate`,`email`,`phone`,`gender`,`allergies`,`guardian1`,`guardian2`,`guardian1Phone`,`guardian2Phone`,`guardian1Email`,`guardian2Email`,`clubId`) VALUES (142,'Maren by knudsen ',2006,NULL,NULL,NULL,2,NULL,NULL,NULL,NULL,NULL,NULL,NULL,5);
INSERT INTO `gymnast` (`id`,`name`,`birthYear`,`birthDate`,`email`,`phone`,`gender`,`allergies`,`guardian1`,`guardian2`,`guardian1Phone`,`guardian2Phone`,`guardian1Email`,`guardian2Email`,`clubId`) VALUES (143,'Maksim Kudrjavtsev',2006,NULL,NULL,NULL,1,NULL,NULL,NULL,NULL,NULL,NULL,NULL,5);
INSERT INTO `gymnast` (`id`,`name`,`birthYear`,`birthDate`,`email`,`phone`,`gender`,`allergies`,`guardian1`,`guardian2`,`guardian1Phone`,`guardian2Phone`,`guardian1Email`,`guardian2Email`,`clubId`) VALUES (144,'Anne May Sola Foss',2006,NULL,NULL,NULL,2,NULL,NULL,NULL,NULL,NULL,NULL,NULL,5);
INSERT INTO `gymnast` (`id`,`name`,`birthYear`,`birthDate`,`email`,`phone`,`gender`,`allergies`,`guardian1`,`guardian2`,`guardian1Phone`,`guardian2Phone`,`guardian1Email`,`guardian2Email`,`clubId`) VALUES (145,'Sanne Dalseth',2006,NULL,NULL,NULL,2,NULL,NULL,NULL,NULL,NULL,NULL,NULL,5);
INSERT INTO `gymnast` (`id`,`name`,`birthYear`,`birthDate`,`email`,`phone`,`gender`,`allergies`,`guardian1`,`guardian2`,`guardian1Phone`,`guardian2Phone`,`guardian1Email`,`guardian2Email`,`clubId`) VALUES (146,'Tobias Nupe Stanghelle ',2006,NULL,NULL,NULL,1,NULL,NULL,NULL,NULL,NULL,NULL,NULL,5);
INSERT INTO `gymnast` (`id`,`name`,`birthYear`,`birthDate`,`email`,`phone`,`gender`,`allergies`,`guardian1`,`guardian2`,`guardian1Phone`,`guardian2Phone`,`guardian1Email`,`guardian2Email`,`clubId`) VALUES (147,'Martine Woster ',2006,NULL,NULL,NULL,2,NULL,NULL,NULL,NULL,NULL,NULL,NULL,5);
INSERT INTO `gymnast` (`id`,`name`,`birthYear`,`birthDate`,`email`,`phone`,`gender`,`allergies`,`guardian1`,`guardian2`,`guardian1Phone`,`guardian2Phone`,`guardian1Email`,`guardian2Email`,`clubId`) VALUES (148,'Lotte Søndenå',2006,NULL,NULL,NULL,2,NULL,NULL,NULL,NULL,NULL,NULL,NULL,5);
INSERT INTO `gymnast` (`id`,`name`,`birthYear`,`birthDate`,`email`,`phone`,`gender`,`allergies`,`guardian1`,`guardian2`,`guardian1Phone`,`guardian2Phone`,`guardian1Email`,`guardian2Email`,`clubId`) VALUES (149,'Leah Hess',2006,NULL,NULL,NULL,2,NULL,NULL,NULL,NULL,NULL,NULL,NULL,5);
INSERT INTO `gymnast` (`id`,`name`,`birthYear`,`birthDate`,`email`,`phone`,`gender`,`allergies`,`guardian1`,`guardian2`,`guardian1Phone`,`guardian2Phone`,`guardian1Email`,`guardian2Email`,`clubId`) VALUES (150,'Kelia Vold Amdal ',2006,NULL,NULL,NULL,2,NULL,NULL,NULL,NULL,NULL,NULL,NULL,5);
INSERT INTO `gymnast` (`id`,`name`,`birthYear`,`birthDate`,`email`,`phone`,`gender`,`allergies`,`guardian1`,`guardian2`,`guardian1Phone`,`guardian2Phone`,`guardian1Email`,`guardian2Email`,`clubId`) VALUES (151,'Vilde Klippen ',2006,NULL,NULL,NULL,2,NULL,NULL,NULL,NULL,NULL,NULL,NULL,5);
INSERT INTO `gymnast` (`id`,`name`,`birthYear`,`birthDate`,`email`,`phone`,`gender`,`allergies`,`guardian1`,`guardian2`,`guardian1Phone`,`guardian2Phone`,`guardian1Email`,`guardian2Email`,`clubId`) VALUES (152,'Elise Bue Phil ',2007,NULL,NULL,NULL,2,NULL,NULL,NULL,NULL,NULL,NULL,NULL,5);
INSERT INTO `gymnast` (`id`,`name`,`birthYear`,`birthDate`,`email`,`phone`,`gender`,`allergies`,`guardian1`,`guardian2`,`guardian1Phone`,`guardian2Phone`,`guardian1Email`,`guardian2Email`,`clubId`) VALUES (153,'Mads Bjørge Folgerø',2007,NULL,NULL,NULL,1,NULL,NULL,NULL,NULL,NULL,NULL,NULL,5);
INSERT INTO `gymnast` (`id`,`name`,`birthYear`,`birthDate`,`email`,`phone`,`gender`,`allergies`,`guardian1`,`guardian2`,`guardian1Phone`,`guardian2Phone`,`guardian1Email`,`guardian2Email`,`clubId`) VALUES (154,'Daniel Hagen ',2007,NULL,NULL,NULL,1,'Peanøttallergi',NULL,NULL,NULL,NULL,NULL,NULL,5);
INSERT INTO `gymnast` (`id`,`name`,`birthYear`,`birthDate`,`email`,`phone`,`gender`,`allergies`,`guardian1`,`guardian2`,`guardian1Phone`,`guardian2Phone`,`guardian1Email`,`guardian2Email`,`clubId`) VALUES (155,'Amalie Sømme Vasvik',2007,NULL,NULL,NULL,2,NULL,NULL,NULL,NULL,NULL,NULL,NULL,5);
INSERT INTO `gymnast` (`id`,`name`,`birthYear`,`birthDate`,`email`,`phone`,`gender`,`allergies`,`guardian1`,`guardian2`,`guardian1Phone`,`guardian2Phone`,`guardian1Email`,`guardian2Email`,`clubId`) VALUES (156,'Sara Sofie Jakobsen ',2007,NULL,NULL,NULL,2,NULL,NULL,NULL,NULL,NULL,NULL,NULL,5);
INSERT INTO `gymnast` (`id`,`name`,`birthYear`,`birthDate`,`email`,`phone`,`gender`,`allergies`,`guardian1`,`guardian2`,`guardian1Phone`,`guardian2Phone`,`guardian1Email`,`guardian2Email`,`clubId`) VALUES (157,'Martine Laugaland',2007,NULL,NULL,NULL,2,NULL,NULL,NULL,NULL,NULL,NULL,NULL,5);
INSERT INTO `gymnast` (`id`,`name`,`birthYear`,`birthDate`,`email`,`phone`,`gender`,`allergies`,`guardian1`,`guardian2`,`guardian1Phone`,`guardian2Phone`,`guardian1Email`,`guardian2Email`,`clubId`) VALUES (158,'Oliver Hermansen Brand ',2007,NULL,NULL,NULL,1,NULL,NULL,NULL,NULL,NULL,NULL,NULL,5);
INSERT INTO `gymnast` (`id`,`name`,`birthYear`,`birthDate`,`email`,`phone`,`gender`,`allergies`,`guardian1`,`guardian2`,`guardian1Phone`,`guardian2Phone`,`guardian1Email`,`guardian2Email`,`clubId`) VALUES (159,'Martine Nordnes Jelsa ',2007,NULL,NULL,NULL,2,NULL,NULL,NULL,NULL,NULL,NULL,NULL,5);
INSERT INTO `gymnast` (`id`,`name`,`birthYear`,`birthDate`,`email`,`phone`,`gender`,`allergies`,`guardian1`,`guardian2`,`guardian1Phone`,`guardian2Phone`,`guardian1Email`,`guardian2Email`,`clubId`) VALUES (160,'Daniel Torheim Larsen ',2007,NULL,NULL,NULL,1,NULL,NULL,NULL,NULL,NULL,NULL,NULL,5);
INSERT INTO `gymnast` (`id`,`name`,`birthYear`,`birthDate`,`email`,`phone`,`gender`,`allergies`,`guardian1`,`guardian2`,`guardian1Phone`,`guardian2Phone`,`guardian1Email`,`guardian2Email`,`clubId`) VALUES (161,'Nathalina Zorlu',2007,NULL,NULL,NULL,2,NULL,NULL,NULL,NULL,NULL,NULL,NULL,5);
INSERT INTO `gymnast` (`id`,`name`,`birthYear`,`birthDate`,`email`,`phone`,`gender`,`allergies`,`guardian1`,`guardian2`,`guardian1Phone`,`guardian2Phone`,`guardian1Email`,`guardian2Email`,`clubId`) VALUES (162,'Sara Karen Andersdottir',2007,NULL,NULL,NULL,2,NULL,NULL,NULL,NULL,NULL,NULL,NULL,5);
INSERT INTO `gymnast` (`id`,`name`,`birthYear`,`birthDate`,`email`,`phone`,`gender`,`allergies`,`guardian1`,`guardian2`,`guardian1Phone`,`guardian2Phone`,`guardian1Email`,`guardian2Email`,`clubId`) VALUES (163,'Tuva Olsen Gravås',2007,NULL,NULL,NULL,2,NULL,NULL,NULL,NULL,NULL,NULL,NULL,5);
INSERT INTO `gymnast` (`id`,`name`,`birthYear`,`birthDate`,`email`,`phone`,`gender`,`allergies`,`guardian1`,`guardian2`,`guardian1Phone`,`guardian2Phone`,`guardian1Email`,`guardian2Email`,`clubId`) VALUES (164,'Samuel Skårland Abbay ',2007,NULL,NULL,NULL,1,NULL,NULL,NULL,NULL,NULL,NULL,NULL,5);
INSERT INTO `gymnast` (`id`,`name`,`birthYear`,`birthDate`,`email`,`phone`,`gender`,`allergies`,`guardian1`,`guardian2`,`guardian1Phone`,`guardian2Phone`,`guardian1Email`,`guardian2Email`,`clubId`) VALUES (165,'Christoffer Tysse',2007,NULL,NULL,NULL,1,NULL,NULL,NULL,NULL,NULL,NULL,NULL,5);
INSERT INTO `gymnast` (`id`,`name`,`birthYear`,`birthDate`,`email`,`phone`,`gender`,`allergies`,`guardian1`,`guardian2`,`guardian1Phone`,`guardian2Phone`,`guardian1Email`,`guardian2Email`,`clubId`) VALUES (166,'Synne Stangeland ',2007,NULL,NULL,NULL,2,NULL,NULL,NULL,NULL,NULL,NULL,NULL,5);
INSERT INTO `gymnast` (`id`,`name`,`birthYear`,`birthDate`,`email`,`phone`,`gender`,`allergies`,`guardian1`,`guardian2`,`guardian1Phone`,`guardian2Phone`,`guardian1Email`,`guardian2Email`,`clubId`) VALUES (167,'Hannah Sofie Birkeland ',2007,NULL,NULL,NULL,2,NULL,NULL,NULL,NULL,NULL,NULL,NULL,5);
INSERT INTO `gymnast` (`id`,`name`,`birthYear`,`birthDate`,`email`,`phone`,`gender`,`allergies`,`guardian1`,`guardian2`,`guardian1Phone`,`guardian2Phone`,`guardian1Email`,`guardian2Email`,`clubId`) VALUES (168,'Sivert Alme',2007,NULL,NULL,NULL,1,NULL,NULL,NULL,NULL,NULL,NULL,NULL,5);
INSERT INTO `gymnast` (`id`,`name`,`birthYear`,`birthDate`,`email`,`phone`,`gender`,`allergies`,`guardian1`,`guardian2`,`guardian1Phone`,`guardian2Phone`,`guardian1Email`,`guardian2Email`,`clubId`) VALUES (169,'Ariel Zorlu Aareskjold',2007,NULL,NULL,NULL,2,NULL,NULL,NULL,NULL,NULL,NULL,NULL,5);
INSERT INTO `gymnast` (`id`,`name`,`birthYear`,`birthDate`,`email`,`phone`,`gender`,`allergies`,`guardian1`,`guardian2`,`guardian1Phone`,`guardian2Phone`,`guardian1Email`,`guardian2Email`,`clubId`) VALUES (170,'Embla Robertsen Eskerud ',2008,NULL,NULL,NULL,2,NULL,NULL,NULL,NULL,NULL,NULL,NULL,5);
INSERT INTO `gymnast` (`id`,`name`,`birthYear`,`birthDate`,`email`,`phone`,`gender`,`allergies`,`guardian1`,`guardian2`,`guardian1Phone`,`guardian2Phone`,`guardian1Email`,`guardian2Email`,`clubId`) VALUES (171,'Magnus Laugaland ',2009,NULL,NULL,NULL,1,NULL,NULL,NULL,NULL,NULL,NULL,NULL,5);
INSERT INTO `gymnast` (`id`,`name`,`birthYear`,`birthDate`,`email`,`phone`,`gender`,`allergies`,`guardian1`,`guardian2`,`guardian1Phone`,`guardian2Phone`,`guardian1Email`,`guardian2Email`,`clubId`) VALUES (172,'Anya Sood',2009,NULL,NULL,NULL,2,NULL,NULL,NULL,NULL,NULL,NULL,NULL,5);
INSERT INTO `gymnast` (`id`,`name`,`birthYear`,`birthDate`,`email`,`phone`,`gender`,`allergies`,`guardian1`,`guardian2`,`guardian1Phone`,`guardian2Phone`,`guardian1Email`,`guardian2Email`,`clubId`) VALUES (173,'Sunniva Johannesen Haave',2003,NULL,NULL,NULL,2,NULL,NULL,NULL,NULL,NULL,NULL,NULL,6);
INSERT INTO `gymnast` (`id`,`name`,`birthYear`,`birthDate`,`email`,`phone`,`gender`,`allergies`,`guardian1`,`guardian2`,`guardian1Phone`,`guardian2Phone`,`guardian1Email`,`guardian2Email`,`clubId`) VALUES (174,'Helena Idland',2004,NULL,NULL,NULL,2,NULL,NULL,NULL,NULL,NULL,NULL,NULL,6);
INSERT INTO `gymnast` (`id`,`name`,`birthYear`,`birthDate`,`email`,`phone`,`gender`,`allergies`,`guardian1`,`guardian2`,`guardian1Phone`,`guardian2Phone`,`guardian1Email`,`guardian2Email`,`clubId`) VALUES (175,'Nathalie H. Kyllingstad',2002,NULL,NULL,NULL,2,NULL,NULL,NULL,NULL,NULL,NULL,NULL,6);
INSERT INTO `gymnast` (`id`,`name`,`birthYear`,`birthDate`,`email`,`phone`,`gender`,`allergies`,`guardian1`,`guardian2`,`guardian1Phone`,`guardian2Phone`,`guardian1Email`,`guardian2Email`,`clubId`) VALUES (176,'Thea Rødberg',2004,NULL,NULL,NULL,2,NULL,NULL,NULL,NULL,NULL,NULL,NULL,6);
INSERT INTO `gymnast` (`id`,`name`,`birthYear`,`birthDate`,`email`,`phone`,`gender`,`allergies`,`guardian1`,`guardian2`,`guardian1Phone`,`guardian2Phone`,`guardian1Email`,`guardian2Email`,`clubId`) VALUES (177,'Sabrina Eyob Tesfa',2004,NULL,NULL,NULL,2,NULL,NULL,NULL,NULL,NULL,NULL,NULL,6);
INSERT INTO `gymnast` (`id`,`name`,`birthYear`,`birthDate`,`email`,`phone`,`gender`,`allergies`,`guardian1`,`guardian2`,`guardian1Phone`,`guardian2Phone`,`guardian1Email`,`guardian2Email`,`clubId`) VALUES (178,'Jonetta Øyre',2002,NULL,NULL,NULL,2,NULL,NULL,NULL,NULL,NULL,NULL,NULL,6);
INSERT INTO `gymnast` (`id`,`name`,`birthYear`,`birthDate`,`email`,`phone`,`gender`,`allergies`,`guardian1`,`guardian2`,`guardian1Phone`,`guardian2Phone`,`guardian1Email`,`guardian2Email`,`clubId`) VALUES (179,'Leo Aardal',2007,NULL,NULL,NULL,1,NULL,NULL,NULL,NULL,NULL,NULL,NULL,6);
INSERT INTO `gymnast` (`id`,`name`,`birthYear`,`birthDate`,`email`,`phone`,`gender`,`allergies`,`guardian1`,`guardian2`,`guardian1Phone`,`guardian2Phone`,`guardian1Email`,`guardian2Email`,`clubId`) VALUES (180,'Vegard Auglend',2006,NULL,NULL,NULL,1,NULL,NULL,NULL,NULL,NULL,NULL,NULL,6);
INSERT INTO `gymnast` (`id`,`name`,`birthYear`,`birthDate`,`email`,`phone`,`gender`,`allergies`,`guardian1`,`guardian2`,`guardian1Phone`,`guardian2Phone`,`guardian1Email`,`guardian2Email`,`clubId`) VALUES (181,'Tuva Bruflodt',2007,NULL,NULL,NULL,2,NULL,NULL,NULL,NULL,NULL,NULL,NULL,6);
INSERT INTO `gymnast` (`id`,`name`,`birthYear`,`birthDate`,`email`,`phone`,`gender`,`allergies`,`guardian1`,`guardian2`,`guardian1Phone`,`guardian2Phone`,`guardian1Email`,`guardian2Email`,`clubId`) VALUES (182,'Sanna Michelle Bræin',2007,NULL,NULL,NULL,2,NULL,NULL,NULL,NULL,NULL,NULL,NULL,6);
INSERT INTO `gymnast` (`id`,`name`,`birthYear`,`birthDate`,`email`,`phone`,`gender`,`allergies`,`guardian1`,`guardian2`,`guardian1Phone`,`guardian2Phone`,`guardian1Email`,`guardian2Email`,`clubId`) VALUES (183,'Andrea Hetland Fanuelsen',2006,NULL,NULL,NULL,2,NULL,NULL,NULL,NULL,NULL,NULL,NULL,6);
INSERT INTO `gymnast` (`id`,`name`,`birthYear`,`birthDate`,`email`,`phone`,`gender`,`allergies`,`guardian1`,`guardian2`,`guardian1Phone`,`guardian2Phone`,`guardian1Email`,`guardian2Email`,`clubId`) VALUES (184,'Leonora Tjelta Hansen',2006,NULL,NULL,NULL,2,NULL,NULL,NULL,NULL,NULL,NULL,NULL,6);
INSERT INTO `gymnast` (`id`,`name`,`birthYear`,`birthDate`,`email`,`phone`,`gender`,`allergies`,`guardian1`,`guardian2`,`guardian1Phone`,`guardian2Phone`,`guardian1Email`,`guardian2Email`,`clubId`) VALUES (185,'Noel Kyllingstad',2006,NULL,NULL,NULL,1,NULL,NULL,NULL,NULL,NULL,NULL,NULL,6);
INSERT INTO `gymnast` (`id`,`name`,`birthYear`,`birthDate`,`email`,`phone`,`gender`,`allergies`,`guardian1`,`guardian2`,`guardian1Phone`,`guardian2Phone`,`guardian1Email`,`guardian2Email`,`clubId`) VALUES (186,'Mari Maudal',2006,NULL,NULL,NULL,2,NULL,NULL,NULL,NULL,NULL,NULL,NULL,6);
INSERT INTO `gymnast` (`id`,`name`,`birthYear`,`birthDate`,`email`,`phone`,`gender`,`allergies`,`guardian1`,`guardian2`,`guardian1Phone`,`guardian2Phone`,`guardian1Email`,`guardian2Email`,`clubId`) VALUES (187,'David Medalen',2006,NULL,NULL,NULL,1,NULL,NULL,NULL,NULL,NULL,NULL,NULL,6);
INSERT INTO `gymnast` (`id`,`name`,`birthYear`,`birthDate`,`email`,`phone`,`gender`,`allergies`,`guardian1`,`guardian2`,`guardian1Phone`,`guardian2Phone`,`guardian1Email`,`guardian2Email`,`clubId`) VALUES (188,'Thea Eielsen Mæland',2006,NULL,NULL,NULL,2,NULL,NULL,NULL,NULL,NULL,NULL,NULL,6);
INSERT INTO `gymnast` (`id`,`name`,`birthYear`,`birthDate`,`email`,`phone`,`gender`,`allergies`,`guardian1`,`guardian2`,`guardian1Phone`,`guardian2Phone`,`guardian1Email`,`guardian2Email`,`clubId`) VALUES (189,'Kieran Idland Skjæveland',2006,NULL,NULL,NULL,1,NULL,NULL,NULL,NULL,NULL,NULL,NULL,6);
INSERT INTO `gymnast` (`id`,`name`,`birthYear`,`birthDate`,`email`,`phone`,`gender`,`allergies`,`guardian1`,`guardian2`,`guardian1Phone`,`guardian2Phone`,`guardian1Email`,`guardian2Email`,`clubId`) VALUES (190,'Erlend Sola Sømme',2006,NULL,NULL,NULL,1,NULL,NULL,NULL,NULL,NULL,NULL,NULL,6);
INSERT INTO `gymnast` (`id`,`name`,`birthYear`,`birthDate`,`email`,`phone`,`gender`,`allergies`,`guardian1`,`guardian2`,`guardian1Phone`,`guardian2Phone`,`guardian1Email`,`guardian2Email`,`clubId`) VALUES (191,'Oliver Valand',2006,NULL,NULL,NULL,1,NULL,NULL,NULL,NULL,NULL,NULL,NULL,6);
INSERT INTO `gymnast` (`id`,`name`,`birthYear`,`birthDate`,`email`,`phone`,`gender`,`allergies`,`guardian1`,`guardian2`,`guardian1Phone`,`guardian2Phone`,`guardian1Email`,`guardian2Email`,`clubId`) VALUES (192,'Marthe Lunde Valland',2006,NULL,NULL,NULL,2,NULL,NULL,NULL,NULL,NULL,NULL,NULL,6);
INSERT INTO `gymnast` (`id`,`name`,`birthYear`,`birthDate`,`email`,`phone`,`gender`,`allergies`,`guardian1`,`guardian2`,`guardian1Phone`,`guardian2Phone`,`guardian1Email`,`guardian2Email`,`clubId`) VALUES (193,'Tobias Waage',2006,NULL,NULL,NULL,1,NULL,NULL,NULL,NULL,NULL,NULL,NULL,6);
INSERT INTO `gymnast` (`id`,`name`,`birthYear`,`birthDate`,`email`,`phone`,`gender`,`allergies`,`guardian1`,`guardian2`,`guardian1Phone`,`guardian2Phone`,`guardian1Email`,`guardian2Email`,`clubId`) VALUES (194,'Robbin Wiggen',2007,NULL,NULL,NULL,1,NULL,NULL,NULL,NULL,NULL,NULL,NULL,6);
INSERT INTO `gymnast` (`id`,`name`,`birthYear`,`birthDate`,`email`,`phone`,`gender`,`allergies`,`guardian1`,`guardian2`,`guardian1Phone`,`guardian2Phone`,`guardian1Email`,`guardian2Email`,`clubId`) VALUES (195,'Karita Seldal Österhus',2006,NULL,NULL,NULL,2,NULL,NULL,NULL,NULL,NULL,NULL,NULL,6);
INSERT INTO `gymnast` (`id`,`name`,`birthYear`,`birthDate`,`email`,`phone`,`gender`,`allergies`,`guardian1`,`guardian2`,`guardian1Phone`,`guardian2Phone`,`guardian1Email`,`guardian2Email`,`clubId`) VALUES (196,'Tiril Olsen',2005,NULL,NULL,NULL,2,NULL,NULL,NULL,NULL,NULL,NULL,NULL,6);
INSERT INTO `gymnast` (`id`,`name`,`birthYear`,`birthDate`,`email`,`phone`,`gender`,`allergies`,`guardian1`,`guardian2`,`guardian1Phone`,`guardian2Phone`,`guardian1Email`,`guardian2Email`,`clubId`) VALUES (197,'Marielle Tysse',2005,NULL,NULL,NULL,2,NULL,NULL,NULL,NULL,NULL,NULL,NULL,6);
INSERT INTO `gymnast` (`id`,`name`,`birthYear`,`birthDate`,`email`,`phone`,`gender`,`allergies`,`guardian1`,`guardian2`,`guardian1Phone`,`guardian2Phone`,`guardian1Email`,`guardian2Email`,`clubId`) VALUES (198,'Sofie Jaatun',2003,NULL,NULL,NULL,2,NULL,NULL,NULL,NULL,NULL,NULL,NULL,7);
INSERT INTO `gymnast` (`id`,`name`,`birthYear`,`birthDate`,`email`,`phone`,`gender`,`allergies`,`guardian1`,`guardian2`,`guardian1Phone`,`guardian2Phone`,`guardian1Email`,`guardian2Email`,`clubId`) VALUES (199,'Eline Helgestad',2005,NULL,NULL,NULL,2,NULL,NULL,NULL,NULL,NULL,NULL,NULL,7);
INSERT INTO `gymnast` (`id`,`name`,`birthYear`,`birthDate`,`email`,`phone`,`gender`,`allergies`,`guardian1`,`guardian2`,`guardian1Phone`,`guardian2Phone`,`guardian1Email`,`guardian2Email`,`clubId`) VALUES (200,'Majken Fedøy',2002,NULL,NULL,NULL,2,NULL,NULL,NULL,NULL,NULL,NULL,NULL,7);
INSERT INTO `gymnast` (`id`,`name`,`birthYear`,`birthDate`,`email`,`phone`,`gender`,`allergies`,`guardian1`,`guardian2`,`guardian1Phone`,`guardian2Phone`,`guardian1Email`,`guardian2Email`,`clubId`) VALUES (201,'Helle Steinsland',2004,NULL,NULL,NULL,2,NULL,NULL,NULL,NULL,NULL,NULL,NULL,7);
INSERT INTO `gymnast` (`id`,`name`,`birthYear`,`birthDate`,`email`,`phone`,`gender`,`allergies`,`guardian1`,`guardian2`,`guardian1Phone`,`guardian2Phone`,`guardian1Email`,`guardian2Email`,`clubId`) VALUES (202,'Thea Kjempekjenn',2005,NULL,NULL,NULL,2,NULL,NULL,NULL,NULL,NULL,NULL,NULL,7);
INSERT INTO `gymnast` (`id`,`name`,`birthYear`,`birthDate`,`email`,`phone`,`gender`,`allergies`,`guardian1`,`guardian2`,`guardian1Phone`,`guardian2Phone`,`guardian1Email`,`guardian2Email`,`clubId`) VALUES (203,'Ingrid Tjelta Valsgaard',2006,NULL,NULL,NULL,2,NULL,NULL,NULL,NULL,NULL,NULL,NULL,7);
INSERT INTO `gymnast` (`id`,`name`,`birthYear`,`birthDate`,`email`,`phone`,`gender`,`allergies`,`guardian1`,`guardian2`,`guardian1Phone`,`guardian2Phone`,`guardian1Email`,`guardian2Email`,`clubId`) VALUES (204,'Oda Solum Søndervik',2002,NULL,NULL,NULL,2,NULL,NULL,NULL,NULL,NULL,NULL,NULL,7);
INSERT INTO `gymnast` (`id`,`name`,`birthYear`,`birthDate`,`email`,`phone`,`gender`,`allergies`,`guardian1`,`guardian2`,`guardian1Phone`,`guardian2Phone`,`guardian1Email`,`guardian2Email`,`clubId`) VALUES (205,'Tina Liberg',2005,NULL,NULL,NULL,2,NULL,NULL,NULL,NULL,NULL,NULL,NULL,7);
INSERT INTO `gymnast` (`id`,`name`,`birthYear`,`birthDate`,`email`,`phone`,`gender`,`allergies`,`guardian1`,`guardian2`,`guardian1Phone`,`guardian2Phone`,`guardian1Email`,`guardian2Email`,`clubId`) VALUES (206,'Stine Andresen Vatnamo',2005,NULL,NULL,NULL,2,NULL,NULL,NULL,NULL,NULL,NULL,NULL,7);
INSERT INTO `gymnast` (`id`,`name`,`birthYear`,`birthDate`,`email`,`phone`,`gender`,`allergies`,`guardian1`,`guardian2`,`guardian1Phone`,`guardian2Phone`,`guardian1Email`,`guardian2Email`,`clubId`) VALUES (207,'Sara Bakkene',2005,NULL,NULL,NULL,2,NULL,NULL,NULL,NULL,NULL,NULL,NULL,7);
INSERT INTO `gymnast` (`id`,`name`,`birthYear`,`birthDate`,`email`,`phone`,`gender`,`allergies`,`guardian1`,`guardian2`,`guardian1Phone`,`guardian2Phone`,`guardian1Email`,`guardian2Email`,`clubId`) VALUES (208,'Elena van Leuffen',2007,NULL,NULL,NULL,2,NULL,NULL,NULL,NULL,NULL,NULL,NULL,7);
INSERT INTO `gymnast` (`id`,`name`,`birthYear`,`birthDate`,`email`,`phone`,`gender`,`allergies`,`guardian1`,`guardian2`,`guardian1Phone`,`guardian2Phone`,`guardian1Email`,`guardian2Email`,`clubId`) VALUES (209,'Inga Kirnos',2003,NULL,NULL,NULL,2,NULL,NULL,NULL,NULL,NULL,NULL,NULL,7);
INSERT INTO `gymnast` (`id`,`name`,`birthYear`,`birthDate`,`email`,`phone`,`gender`,`allergies`,`guardian1`,`guardian2`,`guardian1Phone`,`guardian2Phone`,`guardian1Email`,`guardian2Email`,`clubId`) VALUES (210,'Ida Storlid',2004,NULL,NULL,NULL,2,NULL,NULL,NULL,NULL,NULL,NULL,NULL,7);
INSERT INTO `gymnast` (`id`,`name`,`birthYear`,`birthDate`,`email`,`phone`,`gender`,`allergies`,`guardian1`,`guardian2`,`guardian1Phone`,`guardian2Phone`,`guardian1Email`,`guardian2Email`,`clubId`) VALUES (211,'Mille Juul Ellingsen',2005,NULL,NULL,NULL,2,NULL,NULL,NULL,NULL,NULL,NULL,NULL,7);
INSERT INTO `gymnast` (`id`,`name`,`birthYear`,`birthDate`,`email`,`phone`,`gender`,`allergies`,`guardian1`,`guardian2`,`guardian1Phone`,`guardian2Phone`,`guardian1Email`,`guardian2Email`,`clubId`) VALUES (212,'Juni Marie Fjellheim',2004,NULL,NULL,NULL,2,NULL,NULL,NULL,NULL,NULL,NULL,NULL,7);
INSERT INTO `gymnast` (`id`,`name`,`birthYear`,`birthDate`,`email`,`phone`,`gender`,`allergies`,`guardian1`,`guardian2`,`guardian1Phone`,`guardian2Phone`,`guardian1Email`,`guardian2Email`,`clubId`) VALUES (213,'Mira Idsø',2006,NULL,NULL,NULL,2,'Latkose',NULL,NULL,NULL,NULL,NULL,NULL,7);
INSERT INTO `gymnast` (`id`,`name`,`birthYear`,`birthDate`,`email`,`phone`,`gender`,`allergies`,`guardian1`,`guardian2`,`guardian1Phone`,`guardian2Phone`,`guardian1Email`,`guardian2Email`,`clubId`) VALUES (214,'Sofie Hess',2006,NULL,NULL,NULL,2,NULL,NULL,NULL,NULL,NULL,NULL,NULL,7);
INSERT INTO `gymnast` (`id`,`name`,`birthYear`,`birthDate`,`email`,`phone`,`gender`,`allergies`,`guardian1`,`guardian2`,`guardian1Phone`,`guardian2Phone`,`guardian1Email`,`guardian2Email`,`clubId`) VALUES (215,'Magnhild Nordgård',2003,NULL,NULL,NULL,2,NULL,NULL,NULL,NULL,NULL,NULL,NULL,7);
INSERT INTO `gymnast` (`id`,`name`,`birthYear`,`birthDate`,`email`,`phone`,`gender`,`allergies`,`guardian1`,`guardian2`,`guardian1Phone`,`guardian2Phone`,`guardian1Email`,`guardian2Email`,`clubId`) VALUES (216,'Hege Mollestad Helgen',2003,NULL,NULL,NULL,2,NULL,NULL,NULL,NULL,NULL,NULL,NULL,7);
INSERT INTO `gymnast` (`id`,`name`,`birthYear`,`birthDate`,`email`,`phone`,`gender`,`allergies`,`guardian1`,`guardian2`,`guardian1Phone`,`guardian2Phone`,`guardian1Email`,`guardian2Email`,`clubId`) VALUES (217,'Malin Ahlstrøm',2006,NULL,NULL,NULL,2,NULL,NULL,NULL,NULL,NULL,NULL,NULL,8);
INSERT INTO `gymnast` (`id`,`name`,`birthYear`,`birthDate`,`email`,`phone`,`gender`,`allergies`,`guardian1`,`guardian2`,`guardian1Phone`,`guardian2Phone`,`guardian1Email`,`guardian2Email`,`clubId`) VALUES (218,'Emma Broadhurst',2006,NULL,NULL,NULL,2,NULL,NULL,NULL,NULL,NULL,NULL,NULL,8);
INSERT INTO `gymnast` (`id`,`name`,`birthYear`,`birthDate`,`email`,`phone`,`gender`,`allergies`,`guardian1`,`guardian2`,`guardian1Phone`,`guardian2Phone`,`guardian1Email`,`guardian2Email`,`clubId`) VALUES (219,'Snorre Bysheim',2006,NULL,NULL,NULL,1,NULL,NULL,NULL,NULL,NULL,NULL,NULL,8);
INSERT INTO `gymnast` (`id`,`name`,`birthYear`,`birthDate`,`email`,`phone`,`gender`,`allergies`,`guardian1`,`guardian2`,`guardian1Phone`,`guardian2Phone`,`guardian1Email`,`guardian2Email`,`clubId`) VALUES (220,'Jonathan Hagen Gotteberg',2006,NULL,NULL,NULL,1,NULL,NULL,NULL,NULL,NULL,NULL,NULL,8);
INSERT INTO `gymnast` (`id`,`name`,`birthYear`,`birthDate`,`email`,`phone`,`gender`,`allergies`,`guardian1`,`guardian2`,`guardian1Phone`,`guardian2Phone`,`guardian1Email`,`guardian2Email`,`clubId`) VALUES (221,'Nora Hansen',2006,NULL,NULL,NULL,2,NULL,NULL,NULL,NULL,NULL,NULL,NULL,8);
INSERT INTO `gymnast` (`id`,`name`,`birthYear`,`birthDate`,`email`,`phone`,`gender`,`allergies`,`guardian1`,`guardian2`,`guardian1Phone`,`guardian2Phone`,`guardian1Email`,`guardian2Email`,`clubId`) VALUES (222,'Kari Isabel Hansen',2006,NULL,NULL,NULL,2,NULL,NULL,NULL,NULL,NULL,NULL,NULL,8);
INSERT INTO `gymnast` (`id`,`name`,`birthYear`,`birthDate`,`email`,`phone`,`gender`,`allergies`,`guardian1`,`guardian2`,`guardian1Phone`,`guardian2Phone`,`guardian1Email`,`guardian2Email`,`clubId`) VALUES (223,'Miriam Hjemlestad',2006,NULL,NULL,NULL,2,NULL,NULL,NULL,NULL,NULL,NULL,NULL,8);
INSERT INTO `gymnast` (`id`,`name`,`birthYear`,`birthDate`,`email`,`phone`,`gender`,`allergies`,`guardian1`,`guardian2`,`guardian1Phone`,`guardian2Phone`,`guardian1Email`,`guardian2Email`,`clubId`) VALUES (224,'Kristi Hopen',2006,NULL,NULL,NULL,2,'Glutenfri diett',NULL,NULL,NULL,NULL,NULL,NULL,8);
INSERT INTO `gymnast` (`id`,`name`,`birthYear`,`birthDate`,`email`,`phone`,`gender`,`allergies`,`guardian1`,`guardian2`,`guardian1Phone`,`guardian2Phone`,`guardian1Email`,`guardian2Email`,`clubId`) VALUES (225,'Solveig Høyland',2006,NULL,NULL,NULL,2,NULL,NULL,NULL,NULL,NULL,NULL,NULL,8);
INSERT INTO `gymnast` (`id`,`name`,`birthYear`,`birthDate`,`email`,`phone`,`gender`,`allergies`,`guardian1`,`guardian2`,`guardian1Phone`,`guardian2Phone`,`guardian1Email`,`guardian2Email`,`clubId`) VALUES (226,'Mari Kjærland',2006,NULL,NULL,NULL,2,NULL,NULL,NULL,NULL,NULL,NULL,NULL,8);
INSERT INTO `gymnast` (`id`,`name`,`birthYear`,`birthDate`,`email`,`phone`,`gender`,`allergies`,`guardian1`,`guardian2`,`guardian1Phone`,`guardian2Phone`,`guardian1Email`,`guardian2Email`,`clubId`) VALUES (227,'Vetle Aareskjold Lindal',2006,NULL,NULL,NULL,1,NULL,NULL,NULL,NULL,NULL,NULL,NULL,8);
INSERT INTO `gymnast` (`id`,`name`,`birthYear`,`birthDate`,`email`,`phone`,`gender`,`allergies`,`guardian1`,`guardian2`,`guardian1Phone`,`guardian2Phone`,`guardian1Email`,`guardian2Email`,`clubId`) VALUES (228,'Amalie Opedal',2006,NULL,NULL,NULL,2,'Glutenfri diett',NULL,NULL,NULL,NULL,NULL,NULL,8);
INSERT INTO `gymnast` (`id`,`name`,`birthYear`,`birthDate`,`email`,`phone`,`gender`,`allergies`,`guardian1`,`guardian2`,`guardian1Phone`,`guardian2Phone`,`guardian1Email`,`guardian2Email`,`clubId`) VALUES (229,'Live Johanne Oppedal  Ringsby',2006,NULL,NULL,NULL,2,NULL,NULL,NULL,NULL,NULL,NULL,NULL,8);
INSERT INTO `gymnast` (`id`,`name`,`birthYear`,`birthDate`,`email`,`phone`,`gender`,`allergies`,`guardian1`,`guardian2`,`guardian1Phone`,`guardian2Phone`,`guardian1Email`,`guardian2Email`,`clubId`) VALUES (230,'Tiril Rønsberg',2006,NULL,NULL,NULL,2,NULL,NULL,NULL,NULL,NULL,NULL,NULL,8);
INSERT INTO `gymnast` (`id`,`name`,`birthYear`,`birthDate`,`email`,`phone`,`gender`,`allergies`,`guardian1`,`guardian2`,`guardian1Phone`,`guardian2Phone`,`guardian1Email`,`guardian2Email`,`clubId`) VALUES (231,'Thomas Skretting',2006,NULL,NULL,NULL,1,NULL,NULL,NULL,NULL,NULL,NULL,NULL,8);
INSERT INTO `gymnast` (`id`,`name`,`birthYear`,`birthDate`,`email`,`phone`,`gender`,`allergies`,`guardian1`,`guardian2`,`guardian1Phone`,`guardian2Phone`,`guardian1Email`,`guardian2Email`,`clubId`) VALUES (232,'Evelyn Than',2006,NULL,NULL,NULL,2,NULL,NULL,NULL,NULL,NULL,NULL,NULL,8);
INSERT INTO `gymnast` (`id`,`name`,`birthYear`,`birthDate`,`email`,`phone`,`gender`,`allergies`,`guardian1`,`guardian2`,`guardian1Phone`,`guardian2Phone`,`guardian1Email`,`guardian2Email`,`clubId`) VALUES (233,'Frida Adele Solsvik Tjelta',2006,NULL,NULL,NULL,2,NULL,NULL,NULL,NULL,NULL,NULL,NULL,8);
INSERT INTO `gymnast` (`id`,`name`,`birthYear`,`birthDate`,`email`,`phone`,`gender`,`allergies`,`guardian1`,`guardian2`,`guardian1Phone`,`guardian2Phone`,`guardian1Email`,`guardian2Email`,`clubId`) VALUES (234,'Ina Vigdel',2006,NULL,NULL,NULL,2,NULL,NULL,NULL,NULL,NULL,NULL,NULL,8);
INSERT INTO `gymnast` (`id`,`name`,`birthYear`,`birthDate`,`email`,`phone`,`gender`,`allergies`,`guardian1`,`guardian2`,`guardian1Phone`,`guardian2Phone`,`guardian1Email`,`guardian2Email`,`clubId`) VALUES (235,'Miriam Ahlstrøm',2007,NULL,NULL,NULL,2,NULL,NULL,NULL,NULL,NULL,NULL,NULL,8);
INSERT INTO `gymnast` (`id`,`name`,`birthYear`,`birthDate`,`email`,`phone`,`gender`,`allergies`,`guardian1`,`guardian2`,`guardian1Phone`,`guardian2Phone`,`guardian1Email`,`guardian2Email`,`clubId`) VALUES (236,'Karoline Austigard',2007,NULL,NULL,NULL,2,NULL,NULL,NULL,NULL,NULL,NULL,NULL,8);
INSERT INTO `gymnast` (`id`,`name`,`birthYear`,`birthDate`,`email`,`phone`,`gender`,`allergies`,`guardian1`,`guardian2`,`guardian1Phone`,`guardian2Phone`,`guardian1Email`,`guardian2Email`,`clubId`) VALUES (237,'Håvard Brøndbo',2007,NULL,NULL,NULL,1,NULL,NULL,NULL,NULL,NULL,NULL,NULL,8);
INSERT INTO `gymnast` (`id`,`name`,`birthYear`,`birthDate`,`email`,`phone`,`gender`,`allergies`,`guardian1`,`guardian2`,`guardian1Phone`,`guardian2Phone`,`guardian1Email`,`guardian2Email`,`clubId`) VALUES (238,'Synne Dahl',2007,NULL,NULL,NULL,2,NULL,NULL,NULL,NULL,NULL,NULL,NULL,8);
INSERT INTO `gymnast` (`id`,`name`,`birthYear`,`birthDate`,`email`,`phone`,`gender`,`allergies`,`guardian1`,`guardian2`,`guardian1Phone`,`guardian2Phone`,`guardian1Email`,`guardian2Email`,`clubId`) VALUES (239,'Johanna Nordahl Fløisvik',2007,NULL,NULL,NULL,2,NULL,NULL,NULL,NULL,NULL,NULL,NULL,8);
INSERT INTO `gymnast` (`id`,`name`,`birthYear`,`birthDate`,`email`,`phone`,`gender`,`allergies`,`guardian1`,`guardian2`,`guardian1Phone`,`guardian2Phone`,`guardian1Email`,`guardian2Email`,`clubId`) VALUES (240,'Ina Marie Folkvord',2007,NULL,NULL,NULL,2,NULL,NULL,NULL,NULL,NULL,NULL,NULL,8);
INSERT INTO `gymnast` (`id`,`name`,`birthYear`,`birthDate`,`email`,`phone`,`gender`,`allergies`,`guardian1`,`guardian2`,`guardian1Phone`,`guardian2Phone`,`guardian1Email`,`guardian2Email`,`clubId`) VALUES (241,'Gabriel Gjelsvik',2007,NULL,NULL,NULL,1,NULL,NULL,NULL,NULL,NULL,NULL,NULL,8);
INSERT INTO `gymnast` (`id`,`name`,`birthYear`,`birthDate`,`email`,`phone`,`gender`,`allergies`,`guardian1`,`guardian2`,`guardian1Phone`,`guardian2Phone`,`guardian1Email`,`guardian2Email`,`clubId`) VALUES (242,'Christina Hegelstad',2007,NULL,NULL,NULL,2,NULL,NULL,NULL,NULL,NULL,NULL,NULL,8);
INSERT INTO `gymnast` (`id`,`name`,`birthYear`,`birthDate`,`email`,`phone`,`gender`,`allergies`,`guardian1`,`guardian2`,`guardian1Phone`,`guardian2Phone`,`guardian1Email`,`guardian2Email`,`clubId`) VALUES (243,'Kristoffer Lyse',2007,NULL,NULL,NULL,1,NULL,NULL,NULL,NULL,NULL,NULL,NULL,8);
INSERT INTO `gymnast` (`id`,`name`,`birthYear`,`birthDate`,`email`,`phone`,`gender`,`allergies`,`guardian1`,`guardian2`,`guardian1Phone`,`guardian2Phone`,`guardian1Email`,`guardian2Email`,`clubId`) VALUES (244,'Celine Rege',2007,NULL,NULL,NULL,2,NULL,NULL,NULL,NULL,NULL,NULL,NULL,8);
INSERT INTO `gymnast` (`id`,`name`,`birthYear`,`birthDate`,`email`,`phone`,`gender`,`allergies`,`guardian1`,`guardian2`,`guardian1Phone`,`guardian2Phone`,`guardian1Email`,`guardian2Email`,`clubId`) VALUES (245,'Christopher Skogstø',2007,NULL,NULL,NULL,1,NULL,NULL,NULL,NULL,NULL,NULL,NULL,8);
INSERT INTO `gymnast` (`id`,`name`,`birthYear`,`birthDate`,`email`,`phone`,`gender`,`allergies`,`guardian1`,`guardian2`,`guardian1Phone`,`guardian2Phone`,`guardian1Email`,`guardian2Email`,`clubId`) VALUES (246,'Thomas Træland',2007,NULL,NULL,NULL,1,NULL,NULL,NULL,NULL,NULL,NULL,NULL,8);
INSERT INTO `gymnast` (`id`,`name`,`birthYear`,`birthDate`,`email`,`phone`,`gender`,`allergies`,`guardian1`,`guardian2`,`guardian1Phone`,`guardian2Phone`,`guardian1Email`,`guardian2Email`,`clubId`) VALUES (247,'Anders Aanderaa',2004,NULL,NULL,NULL,1,NULL,NULL,NULL,NULL,NULL,NULL,NULL,1);
INSERT INTO `gymnast` (`id`,`name`,`birthYear`,`birthDate`,`email`,`phone`,`gender`,`allergies`,`guardian1`,`guardian2`,`guardian1Phone`,`guardian2Phone`,`guardian1Email`,`guardian2Email`,`clubId`) VALUES (248,'Mattias Markeson',2005,NULL,NULL,NULL,1,NULL,NULL,NULL,NULL,NULL,NULL,NULL,1);
INSERT INTO `gymnast` (`id`,`name`,`birthYear`,`birthDate`,`email`,`phone`,`gender`,`allergies`,`guardian1`,`guardian2`,`guardian1Phone`,`guardian2Phone`,`guardian1Email`,`guardian2Email`,`clubId`) VALUES (249,'Mathias Støle',2006,NULL,NULL,NULL,1,NULL,NULL,NULL,NULL,NULL,NULL,NULL,1);
INSERT INTO `gymnast` (`id`,`name`,`birthYear`,`birthDate`,`email`,`phone`,`gender`,`allergies`,`guardian1`,`guardian2`,`guardian1Phone`,`guardian2Phone`,`guardian1Email`,`guardian2Email`,`clubId`) VALUES (250,'Karoline Aasberg',2004,NULL,NULL,NULL,2,NULL,NULL,NULL,NULL,NULL,NULL,NULL,8);
INSERT INTO `gymnast` (`id`,`name`,`birthYear`,`birthDate`,`email`,`phone`,`gender`,`allergies`,`guardian1`,`guardian2`,`guardian1Phone`,`guardian2Phone`,`guardian1Email`,`guardian2Email`,`clubId`) VALUES (251,'Amalie Austigard',2004,NULL,NULL,NULL,2,NULL,NULL,NULL,NULL,NULL,NULL,NULL,8);
INSERT INTO `gymnast` (`id`,`name`,`birthYear`,`birthDate`,`email`,`phone`,`gender`,`allergies`,`guardian1`,`guardian2`,`guardian1Phone`,`guardian2Phone`,`guardian1Email`,`guardian2Email`,`clubId`) VALUES (252,'Jørgen Risa Berge',2005,NULL,NULL,NULL,1,NULL,NULL,NULL,NULL,NULL,NULL,NULL,8);
INSERT INTO `gymnast` (`id`,`name`,`birthYear`,`birthDate`,`email`,`phone`,`gender`,`allergies`,`guardian1`,`guardian2`,`guardian1Phone`,`guardian2Phone`,`guardian1Email`,`guardian2Email`,`clubId`) VALUES (253,'Susanne Brueland',2005,NULL,NULL,NULL,2,NULL,NULL,NULL,NULL,NULL,NULL,NULL,8);
INSERT INTO `gymnast` (`id`,`name`,`birthYear`,`birthDate`,`email`,`phone`,`gender`,`allergies`,`guardian1`,`guardian2`,`guardian1Phone`,`guardian2Phone`,`guardian1Email`,`guardian2Email`,`clubId`) VALUES (254,'Jarand Brøndbo',2004,NULL,NULL,NULL,1,NULL,NULL,NULL,NULL,NULL,NULL,NULL,8);
INSERT INTO `gymnast` (`id`,`name`,`birthYear`,`birthDate`,`email`,`phone`,`gender`,`allergies`,`guardian1`,`guardian2`,`guardian1Phone`,`guardian2Phone`,`guardian1Email`,`guardian2Email`,`clubId`) VALUES (255,'Mariell Byberg',2002,NULL,NULL,NULL,2,NULL,NULL,NULL,NULL,NULL,NULL,NULL,8);
INSERT INTO `gymnast` (`id`,`name`,`birthYear`,`birthDate`,`email`,`phone`,`gender`,`allergies`,`guardian1`,`guardian2`,`guardian1Phone`,`guardian2Phone`,`guardian1Email`,`guardian2Email`,`clubId`) VALUES (256,'Jesper Sherif Mydland Dahlseng',2004,NULL,NULL,NULL,1,NULL,NULL,NULL,NULL,NULL,NULL,NULL,8);
INSERT INTO `gymnast` (`id`,`name`,`birthYear`,`birthDate`,`email`,`phone`,`gender`,`allergies`,`guardian1`,`guardian2`,`guardian1Phone`,`guardian2Phone`,`guardian1Email`,`guardian2Email`,`clubId`) VALUES (257,'Silas Handeland Hamran',2005,NULL,NULL,NULL,1,NULL,NULL,NULL,NULL,NULL,NULL,NULL,8);
INSERT INTO `gymnast` (`id`,`name`,`birthYear`,`birthDate`,`email`,`phone`,`gender`,`allergies`,`guardian1`,`guardian2`,`guardian1Phone`,`guardian2Phone`,`guardian1Email`,`guardian2Email`,`clubId`) VALUES (258,'Benjamin Hjemlestad',2005,NULL,NULL,NULL,1,NULL,NULL,NULL,NULL,NULL,NULL,NULL,8);
INSERT INTO `gymnast` (`id`,`name`,`birthYear`,`birthDate`,`email`,`phone`,`gender`,`allergies`,`guardian1`,`guardian2`,`guardian1Phone`,`guardian2Phone`,`guardian1Email`,`guardian2Email`,`clubId`) VALUES (259,'Halvard Hopen',2004,NULL,NULL,NULL,1,'Glutenfri diett',NULL,NULL,NULL,NULL,NULL,NULL,8);
INSERT INTO `gymnast` (`id`,`name`,`birthYear`,`birthDate`,`email`,`phone`,`gender`,`allergies`,`guardian1`,`guardian2`,`guardian1Phone`,`guardian2Phone`,`guardian1Email`,`guardian2Email`,`clubId`) VALUES (260,'Kristiane Jacobsen',2005,NULL,NULL,NULL,2,NULL,NULL,NULL,NULL,NULL,NULL,NULL,8);
INSERT INTO `gymnast` (`id`,`name`,`birthYear`,`birthDate`,`email`,`phone`,`gender`,`allergies`,`guardian1`,`guardian2`,`guardian1Phone`,`guardian2Phone`,`guardian1Email`,`guardian2Email`,`clubId`) VALUES (261,'Leah Jonassen-Lund',2005,NULL,NULL,NULL,2,NULL,NULL,NULL,NULL,NULL,NULL,NULL,8);
INSERT INTO `gymnast` (`id`,`name`,`birthYear`,`birthDate`,`email`,`phone`,`gender`,`allergies`,`guardian1`,`guardian2`,`guardian1Phone`,`guardian2Phone`,`guardian1Email`,`guardian2Email`,`clubId`) VALUES (262,'Ørjan Garberg Kolstø',2005,NULL,NULL,NULL,1,NULL,NULL,NULL,NULL,NULL,NULL,NULL,8);
INSERT INTO `gymnast` (`id`,`name`,`birthYear`,`birthDate`,`email`,`phone`,`gender`,`allergies`,`guardian1`,`guardian2`,`guardian1Phone`,`guardian2Phone`,`guardian1Email`,`guardian2Email`,`clubId`) VALUES (263,'Adele Rostøl Lammenes',2004,NULL,NULL,NULL,2,NULL,NULL,NULL,NULL,NULL,NULL,NULL,8);
INSERT INTO `gymnast` (`id`,`name`,`birthYear`,`birthDate`,`email`,`phone`,`gender`,`allergies`,`guardian1`,`guardian2`,`guardian1Phone`,`guardian2Phone`,`guardian1Email`,`guardian2Email`,`clubId`) VALUES (264,'Therese Massen',2004,NULL,NULL,NULL,2,NULL,NULL,NULL,NULL,NULL,NULL,NULL,8);
INSERT INTO `gymnast` (`id`,`name`,`birthYear`,`birthDate`,`email`,`phone`,`gender`,`allergies`,`guardian1`,`guardian2`,`guardian1Phone`,`guardian2Phone`,`guardian1Email`,`guardian2Email`,`clubId`) VALUES (265,'Markus Massen',2005,NULL,NULL,NULL,1,NULL,NULL,NULL,NULL,NULL,NULL,NULL,8);
INSERT INTO `gymnast` (`id`,`name`,`birthYear`,`birthDate`,`email`,`phone`,`gender`,`allergies`,`guardian1`,`guardian2`,`guardian1Phone`,`guardian2Phone`,`guardian1Email`,`guardian2Email`,`clubId`) VALUES (266,'Amalie Nygaard-Larsen',2004,NULL,NULL,NULL,2,NULL,NULL,NULL,NULL,NULL,NULL,NULL,8);
INSERT INTO `gymnast` (`id`,`name`,`birthYear`,`birthDate`,`email`,`phone`,`gender`,`allergies`,`guardian1`,`guardian2`,`guardian1Phone`,`guardian2Phone`,`guardian1Email`,`guardian2Email`,`clubId`) VALUES (267,'Guro Sveen Pedersen',2004,NULL,NULL,NULL,2,NULL,NULL,NULL,NULL,NULL,NULL,NULL,8);
INSERT INTO `gymnast` (`id`,`name`,`birthYear`,`birthDate`,`email`,`phone`,`gender`,`allergies`,`guardian1`,`guardian2`,`guardian1Phone`,`guardian2Phone`,`guardian1Email`,`guardian2Email`,`clubId`) VALUES (268,'Mads Riveland',2004,NULL,NULL,NULL,1,NULL,NULL,NULL,NULL,NULL,NULL,NULL,8);
INSERT INTO `gymnast` (`id`,`name`,`birthYear`,`birthDate`,`email`,`phone`,`gender`,`allergies`,`guardian1`,`guardian2`,`guardian1Phone`,`guardian2Phone`,`guardian1Email`,`guardian2Email`,`clubId`) VALUES (269,'Alexander Omdahl Skogstø',2004,NULL,NULL,NULL,1,NULL,NULL,NULL,NULL,NULL,NULL,NULL,8);
INSERT INTO `gymnast` (`id`,`name`,`birthYear`,`birthDate`,`email`,`phone`,`gender`,`allergies`,`guardian1`,`guardian2`,`guardian1Phone`,`guardian2Phone`,`guardian1Email`,`guardian2Email`,`clubId`) VALUES (270,'Isabel Mathilde Svahn',2005,NULL,NULL,NULL,2,NULL,NULL,NULL,NULL,NULL,NULL,NULL,8);
INSERT INTO `gymnast` (`id`,`name`,`birthYear`,`birthDate`,`email`,`phone`,`gender`,`allergies`,`guardian1`,`guardian2`,`guardian1Phone`,`guardian2Phone`,`guardian1Email`,`guardian2Email`,`clubId`) VALUES (271,'Halvor Utengen Sandstad',2005,NULL,NULL,NULL,1,NULL,NULL,NULL,NULL,NULL,NULL,NULL,8);
INSERT INTO `gymnast` (`id`,`name`,`birthYear`,`birthDate`,`email`,`phone`,`gender`,`allergies`,`guardian1`,`guardian2`,`guardian1Phone`,`guardian2Phone`,`guardian1Email`,`guardian2Email`,`clubId`) VALUES (272,'Silje Horvei',2000,NULL,NULL,NULL,2,NULL,NULL,NULL,NULL,NULL,NULL,NULL,8);
INSERT INTO `gymnast` (`id`,`name`,`birthYear`,`birthDate`,`email`,`phone`,`gender`,`allergies`,`guardian1`,`guardian2`,`guardian1Phone`,`guardian2Phone`,`guardian1Email`,`guardian2Email`,`clubId`) VALUES (273,'Riona Kierans',2000,NULL,NULL,NULL,2,NULL,NULL,NULL,NULL,NULL,NULL,NULL,8);
INSERT INTO `gymnast` (`id`,`name`,`birthYear`,`birthDate`,`email`,`phone`,`gender`,`allergies`,`guardian1`,`guardian2`,`guardian1Phone`,`guardian2Phone`,`guardian1Email`,`guardian2Email`,`clubId`) VALUES (274,'Marius Kjellerød',1999,NULL,NULL,NULL,1,'Allergisk mot peanøtter',NULL,NULL,NULL,NULL,NULL,NULL,8);
INSERT INTO `gymnast` (`id`,`name`,`birthYear`,`birthDate`,`email`,`phone`,`gender`,`allergies`,`guardian1`,`guardian2`,`guardian1Phone`,`guardian2Phone`,`guardian1Email`,`guardian2Email`,`clubId`) VALUES (275,'Stian Gabrielsen Loe',1999,NULL,NULL,NULL,1,'Glutenfri diett',NULL,NULL,NULL,NULL,NULL,NULL,8);
INSERT INTO `gymnast` (`id`,`name`,`birthYear`,`birthDate`,`email`,`phone`,`gender`,`allergies`,`guardian1`,`guardian2`,`guardian1Phone`,`guardian2Phone`,`guardian1Email`,`guardian2Email`,`clubId`) VALUES (276,'Mia Macfarlane',2000,NULL,NULL,NULL,1,NULL,NULL,NULL,NULL,NULL,NULL,NULL,8);
INSERT INTO `gymnast` (`id`,`name`,`birthYear`,`birthDate`,`email`,`phone`,`gender`,`allergies`,`guardian1`,`guardian2`,`guardian1Phone`,`guardian2Phone`,`guardian1Email`,`guardian2Email`,`clubId`) VALUES (277,'Andreas Solheim',2002,NULL,NULL,NULL,1,NULL,NULL,NULL,NULL,NULL,NULL,NULL,8);

INSERT INTO `gymnast_team_team_id` (`gymnastId`,`teamId`) VALUES (33,9);
INSERT INTO `gymnast_team_team_id` (`gymnastId`,`teamId`) VALUES (31,10);
INSERT INTO `gymnast_team_team_id` (`gymnastId`,`teamId`) VALUES (60,11);
INSERT INTO `gymnast_team_team_id` (`gymnastId`,`teamId`) VALUES (41,12);
INSERT INTO `gymnast_team_team_id` (`gymnastId`,`teamId`) VALUES (37,13);
INSERT INTO `gymnast_team_team_id` (`gymnastId`,`teamId`) VALUES (43,14);
INSERT INTO `gymnast_team_team_id` (`gymnastId`,`teamId`) VALUES (14,15);
INSERT INTO `gymnast_team_team_id` (`gymnastId`,`teamId`) VALUES (27,16);
INSERT INTO `gymnast_team_team_id` (`gymnastId`,`teamId`) VALUES (26,17);
INSERT INTO `gymnast_team_team_id` (`gymnastId`,`teamId`) VALUES (17,18);
INSERT INTO `gymnast_team_team_id` (`gymnastId`,`teamId`) VALUES (5,19);
INSERT INTO `gymnast_team_team_id` (`gymnastId`,`teamId`) VALUES (22,20);
INSERT INTO `gymnast_team_team_id` (`gymnastId`,`teamId`) VALUES (44,21);
INSERT INTO `gymnast_team_team_id` (`gymnastId`,`teamId`) VALUES (12,22);
INSERT INTO `gymnast_team_team_id` (`gymnastId`,`teamId`) VALUES (4,23);
INSERT INTO `gymnast_team_team_id` (`gymnastId`,`teamId`) VALUES (35,24);
INSERT INTO `gymnast_team_team_id` (`gymnastId`,`teamId`) VALUES (24,25);
INSERT INTO `gymnast_team_team_id` (`gymnastId`,`teamId`) VALUES (54,26);
INSERT INTO `gymnast_team_team_id` (`gymnastId`,`teamId`) VALUES (53,27);
INSERT INTO `gymnast_team_team_id` (`gymnastId`,`teamId`) VALUES (21,28);
INSERT INTO `gymnast_team_team_id` (`gymnastId`,`teamId`) VALUES (23,29);
INSERT INTO `gymnast_team_team_id` (`gymnastId`,`teamId`) VALUES (57,30);
INSERT INTO `gymnast_team_team_id` (`gymnastId`,`teamId`) VALUES (3,31);
INSERT INTO `gymnast_team_team_id` (`gymnastId`,`teamId`) VALUES (20,32);
INSERT INTO `gymnast_team_team_id` (`gymnastId`,`teamId`) VALUES (11,33);
INSERT INTO `gymnast_team_team_id` (`gymnastId`,`teamId`) VALUES (9,34);
INSERT INTO `gymnast_team_team_id` (`gymnastId`,`teamId`) VALUES (16,35);
INSERT INTO `gymnast_team_team_id` (`gymnastId`,`teamId`) VALUES (18,36);
INSERT INTO `gymnast_team_team_id` (`gymnastId`,`teamId`) VALUES (61,37);
INSERT INTO `gymnast_team_team_id` (`gymnastId`,`teamId`) VALUES (29,38);
INSERT INTO `gymnast_team_team_id` (`gymnastId`,`teamId`) VALUES (15,39);
INSERT INTO `gymnast_team_team_id` (`gymnastId`,`teamId`) VALUES (8,40);
INSERT INTO `gymnast_team_team_id` (`gymnastId`,`teamId`) VALUES (34,41);
INSERT INTO `gymnast_team_team_id` (`gymnastId`,`teamId`) VALUES (1,42);
INSERT INTO `gymnast_team_team_id` (`gymnastId`,`teamId`) VALUES (58,43);
INSERT INTO `gymnast_team_team_id` (`gymnastId`,`teamId`) VALUES (50,46);
INSERT INTO `gymnast_team_team_id` (`gymnastId`,`teamId`) VALUES (48,47);
INSERT INTO `gymnast_team_team_id` (`gymnastId`,`teamId`) VALUES (57,49);
INSERT INTO `gymnast_team_team_id` (`gymnastId`,`teamId`) VALUES (3,50);
INSERT INTO `gymnast_team_team_id` (`gymnastId`,`teamId`) VALUES (11,51);
INSERT INTO `gymnast_team_team_id` (`gymnastId`,`teamId`) VALUES (62,52);
INSERT INTO `gymnast_team_team_id` (`gymnastId`,`teamId`) VALUES (63,53);
INSERT INTO `gymnast_team_team_id` (`gymnastId`,`teamId`) VALUES (30,54);
INSERT INTO `gymnast_team_team_id` (`gymnastId`,`teamId`) VALUES (42,55);
INSERT INTO `gymnast_team_team_id` (`gymnastId`,`teamId`) VALUES (2,56);
INSERT INTO `gymnast_team_team_id` (`gymnastId`,`teamId`) VALUES (217,57);
INSERT INTO `gymnast_team_team_id` (`gymnastId`,`teamId`) VALUES (218,57);
INSERT INTO `gymnast_team_team_id` (`gymnastId`,`teamId`) VALUES (219,57);
INSERT INTO `gymnast_team_team_id` (`gymnastId`,`teamId`) VALUES (220,57);
INSERT INTO `gymnast_team_team_id` (`gymnastId`,`teamId`) VALUES (221,57);
INSERT INTO `gymnast_team_team_id` (`gymnastId`,`teamId`) VALUES (222,57);
INSERT INTO `gymnast_team_team_id` (`gymnastId`,`teamId`) VALUES (223,58);
INSERT INTO `gymnast_team_team_id` (`gymnastId`,`teamId`) VALUES (224,58);
INSERT INTO `gymnast_team_team_id` (`gymnastId`,`teamId`) VALUES (225,58);
INSERT INTO `gymnast_team_team_id` (`gymnastId`,`teamId`) VALUES (226,58);
INSERT INTO `gymnast_team_team_id` (`gymnastId`,`teamId`) VALUES (227,58);
INSERT INTO `gymnast_team_team_id` (`gymnastId`,`teamId`) VALUES (228,58);
INSERT INTO `gymnast_team_team_id` (`gymnastId`,`teamId`) VALUES (229,59);
INSERT INTO `gymnast_team_team_id` (`gymnastId`,`teamId`) VALUES (230,59);
INSERT INTO `gymnast_team_team_id` (`gymnastId`,`teamId`) VALUES (231,59);
INSERT INTO `gymnast_team_team_id` (`gymnastId`,`teamId`) VALUES (232,59);
INSERT INTO `gymnast_team_team_id` (`gymnastId`,`teamId`) VALUES (233,59);
INSERT INTO `gymnast_team_team_id` (`gymnastId`,`teamId`) VALUES (234,59);
INSERT INTO `gymnast_team_team_id` (`gymnastId`,`teamId`) VALUES (217,60);
INSERT INTO `gymnast_team_team_id` (`gymnastId`,`teamId`) VALUES (219,60);
INSERT INTO `gymnast_team_team_id` (`gymnastId`,`teamId`) VALUES (221,60);
INSERT INTO `gymnast_team_team_id` (`gymnastId`,`teamId`) VALUES (222,60);
INSERT INTO `gymnast_team_team_id` (`gymnastId`,`teamId`) VALUES (223,60);
INSERT INTO `gymnast_team_team_id` (`gymnastId`,`teamId`) VALUES (224,60);
INSERT INTO `gymnast_team_team_id` (`gymnastId`,`teamId`) VALUES (222,61);
INSERT INTO `gymnast_team_team_id` (`gymnastId`,`teamId`) VALUES (225,61);
INSERT INTO `gymnast_team_team_id` (`gymnastId`,`teamId`) VALUES (226,61);
INSERT INTO `gymnast_team_team_id` (`gymnastId`,`teamId`) VALUES (227,61);
INSERT INTO `gymnast_team_team_id` (`gymnastId`,`teamId`) VALUES (228,61);
INSERT INTO `gymnast_team_team_id` (`gymnastId`,`teamId`) VALUES (230,61);
INSERT INTO `gymnast_team_team_id` (`gymnastId`,`teamId`) VALUES (228,62);
INSERT INTO `gymnast_team_team_id` (`gymnastId`,`teamId`) VALUES (230,62);
INSERT INTO `gymnast_team_team_id` (`gymnastId`,`teamId`) VALUES (231,62);
INSERT INTO `gymnast_team_team_id` (`gymnastId`,`teamId`) VALUES (232,62);
INSERT INTO `gymnast_team_team_id` (`gymnastId`,`teamId`) VALUES (233,62);
INSERT INTO `gymnast_team_team_id` (`gymnastId`,`teamId`) VALUES (234,62);
INSERT INTO `gymnast_team_team_id` (`gymnastId`,`teamId`) VALUES (250,63);
INSERT INTO `gymnast_team_team_id` (`gymnastId`,`teamId`) VALUES (251,63);
INSERT INTO `gymnast_team_team_id` (`gymnastId`,`teamId`) VALUES (253,63);
INSERT INTO `gymnast_team_team_id` (`gymnastId`,`teamId`) VALUES (255,63);
INSERT INTO `gymnast_team_team_id` (`gymnastId`,`teamId`) VALUES (260,63);
INSERT INTO `gymnast_team_team_id` (`gymnastId`,`teamId`) VALUES (261,63);
INSERT INTO `gymnast_team_team_id` (`gymnastId`,`teamId`) VALUES (263,63);
INSERT INTO `gymnast_team_team_id` (`gymnastId`,`teamId`) VALUES (264,63);
INSERT INTO `gymnast_team_team_id` (`gymnastId`,`teamId`) VALUES (250,64);
INSERT INTO `gymnast_team_team_id` (`gymnastId`,`teamId`) VALUES (251,64);
INSERT INTO `gymnast_team_team_id` (`gymnastId`,`teamId`) VALUES (252,64);
INSERT INTO `gymnast_team_team_id` (`gymnastId`,`teamId`) VALUES (253,64);
INSERT INTO `gymnast_team_team_id` (`gymnastId`,`teamId`) VALUES (254,64);
INSERT INTO `gymnast_team_team_id` (`gymnastId`,`teamId`) VALUES (255,64);
INSERT INTO `gymnast_team_team_id` (`gymnastId`,`teamId`) VALUES (259,65);
INSERT INTO `gymnast_team_team_id` (`gymnastId`,`teamId`) VALUES (260,65);
INSERT INTO `gymnast_team_team_id` (`gymnastId`,`teamId`) VALUES (262,65);
INSERT INTO `gymnast_team_team_id` (`gymnastId`,`teamId`) VALUES (263,65);
INSERT INTO `gymnast_team_team_id` (`gymnastId`,`teamId`) VALUES (264,65);
INSERT INTO `gymnast_team_team_id` (`gymnastId`,`teamId`) VALUES (265,65);
INSERT INTO `gymnast_team_team_id` (`gymnastId`,`teamId`) VALUES (266,65);
INSERT INTO `gymnast_team_team_id` (`gymnastId`,`teamId`) VALUES (250,66);
INSERT INTO `gymnast_team_team_id` (`gymnastId`,`teamId`) VALUES (251,66);
INSERT INTO `gymnast_team_team_id` (`gymnastId`,`teamId`) VALUES (252,66);
INSERT INTO `gymnast_team_team_id` (`gymnastId`,`teamId`) VALUES (253,66);
INSERT INTO `gymnast_team_team_id` (`gymnastId`,`teamId`) VALUES (254,66);
INSERT INTO `gymnast_team_team_id` (`gymnastId`,`teamId`) VALUES (256,66);
INSERT INTO `gymnast_team_team_id` (`gymnastId`,`teamId`) VALUES (272,67);
INSERT INTO `gymnast_team_team_id` (`gymnastId`,`teamId`) VALUES (273,67);
INSERT INTO `gymnast_team_team_id` (`gymnastId`,`teamId`) VALUES (274,67);
INSERT INTO `gymnast_team_team_id` (`gymnastId`,`teamId`) VALUES (275,67);
INSERT INTO `gymnast_team_team_id` (`gymnastId`,`teamId`) VALUES (276,67);
INSERT INTO `gymnast_team_team_id` (`gymnastId`,`teamId`) VALUES (277,67);
INSERT INTO `gymnast_team_team_id` (`gymnastId`,`teamId`) VALUES (203,68);
INSERT INTO `gymnast_team_team_id` (`gymnastId`,`teamId`) VALUES (206,68);
INSERT INTO `gymnast_team_team_id` (`gymnastId`,`teamId`) VALUES (207,68);
INSERT INTO `gymnast_team_team_id` (`gymnastId`,`teamId`) VALUES (208,68);
INSERT INTO `gymnast_team_team_id` (`gymnastId`,`teamId`) VALUES (211,68);
INSERT INTO `gymnast_team_team_id` (`gymnastId`,`teamId`) VALUES (213,68);
INSERT INTO `gymnast_team_team_id` (`gymnastId`,`teamId`) VALUES (214,68);
INSERT INTO `gymnast_team_team_id` (`gymnastId`,`teamId`) VALUES (199,69);
INSERT INTO `gymnast_team_team_id` (`gymnastId`,`teamId`) VALUES (202,69);
INSERT INTO `gymnast_team_team_id` (`gymnastId`,`teamId`) VALUES (203,69);
INSERT INTO `gymnast_team_team_id` (`gymnastId`,`teamId`) VALUES (205,69);
INSERT INTO `gymnast_team_team_id` (`gymnastId`,`teamId`) VALUES (206,69);
INSERT INTO `gymnast_team_team_id` (`gymnastId`,`teamId`) VALUES (207,69);
INSERT INTO `gymnast_team_team_id` (`gymnastId`,`teamId`) VALUES (198,70);
INSERT INTO `gymnast_team_team_id` (`gymnastId`,`teamId`) VALUES (200,70);
INSERT INTO `gymnast_team_team_id` (`gymnastId`,`teamId`) VALUES (201,70);
INSERT INTO `gymnast_team_team_id` (`gymnastId`,`teamId`) VALUES (204,70);
INSERT INTO `gymnast_team_team_id` (`gymnastId`,`teamId`) VALUES (209,70);
INSERT INTO `gymnast_team_team_id` (`gymnastId`,`teamId`) VALUES (210,70);
INSERT INTO `gymnast_team_team_id` (`gymnastId`,`teamId`) VALUES (212,70);
INSERT INTO `gymnast_team_team_id` (`gymnastId`,`teamId`) VALUES (215,70);
INSERT INTO `gymnast_team_team_id` (`gymnastId`,`teamId`) VALUES (216,70);
INSERT INTO `gymnast_team_team_id` (`gymnastId`,`teamId`) VALUES (179,71);
INSERT INTO `gymnast_team_team_id` (`gymnastId`,`teamId`) VALUES (181,71);
INSERT INTO `gymnast_team_team_id` (`gymnastId`,`teamId`) VALUES (182,71);
INSERT INTO `gymnast_team_team_id` (`gymnastId`,`teamId`) VALUES (192,71);
INSERT INTO `gymnast_team_team_id` (`gymnastId`,`teamId`) VALUES (193,71);
INSERT INTO `gymnast_team_team_id` (`gymnastId`,`teamId`) VALUES (194,71);
INSERT INTO `gymnast_team_team_id` (`gymnastId`,`teamId`) VALUES (184,72);
INSERT INTO `gymnast_team_team_id` (`gymnastId`,`teamId`) VALUES (186,72);
INSERT INTO `gymnast_team_team_id` (`gymnastId`,`teamId`) VALUES (187,72);
INSERT INTO `gymnast_team_team_id` (`gymnastId`,`teamId`) VALUES (189,72);
INSERT INTO `gymnast_team_team_id` (`gymnastId`,`teamId`) VALUES (190,72);
INSERT INTO `gymnast_team_team_id` (`gymnastId`,`teamId`) VALUES (191,72);
INSERT INTO `gymnast_team_team_id` (`gymnastId`,`teamId`) VALUES (183,73);
INSERT INTO `gymnast_team_team_id` (`gymnastId`,`teamId`) VALUES (184,73);
INSERT INTO `gymnast_team_team_id` (`gymnastId`,`teamId`) VALUES (185,73);
INSERT INTO `gymnast_team_team_id` (`gymnastId`,`teamId`) VALUES (186,73);
INSERT INTO `gymnast_team_team_id` (`gymnastId`,`teamId`) VALUES (187,73);
INSERT INTO `gymnast_team_team_id` (`gymnastId`,`teamId`) VALUES (188,73);
INSERT INTO `gymnast_team_team_id` (`gymnastId`,`teamId`) VALUES (173,74);
INSERT INTO `gymnast_team_team_id` (`gymnastId`,`teamId`) VALUES (174,74);
INSERT INTO `gymnast_team_team_id` (`gymnastId`,`teamId`) VALUES (175,74);
INSERT INTO `gymnast_team_team_id` (`gymnastId`,`teamId`) VALUES (176,74);
INSERT INTO `gymnast_team_team_id` (`gymnastId`,`teamId`) VALUES (177,74);
INSERT INTO `gymnast_team_team_id` (`gymnastId`,`teamId`) VALUES (178,74);
INSERT INTO `gymnast_team_team_id` (`gymnastId`,`teamId`) VALUES (152,75);
INSERT INTO `gymnast_team_team_id` (`gymnastId`,`teamId`) VALUES (153,75);
INSERT INTO `gymnast_team_team_id` (`gymnastId`,`teamId`) VALUES (154,75);
INSERT INTO `gymnast_team_team_id` (`gymnastId`,`teamId`) VALUES (155,75);
INSERT INTO `gymnast_team_team_id` (`gymnastId`,`teamId`) VALUES (156,75);
INSERT INTO `gymnast_team_team_id` (`gymnastId`,`teamId`) VALUES (157,75);
INSERT INTO `gymnast_team_team_id` (`gymnastId`,`teamId`) VALUES (158,75);
INSERT INTO `gymnast_team_team_id` (`gymnastId`,`teamId`) VALUES (159,75);
INSERT INTO `gymnast_team_team_id` (`gymnastId`,`teamId`) VALUES (160,75);
INSERT INTO `gymnast_team_team_id` (`gymnastId`,`teamId`) VALUES (161,75);
INSERT INTO `gymnast_team_team_id` (`gymnastId`,`teamId`) VALUES (162,75);
INSERT INTO `gymnast_team_team_id` (`gymnastId`,`teamId`) VALUES (163,75);
INSERT INTO `gymnast_team_team_id` (`gymnastId`,`teamId`) VALUES (164,75);
INSERT INTO `gymnast_team_team_id` (`gymnastId`,`teamId`) VALUES (165,75);
INSERT INTO `gymnast_team_team_id` (`gymnastId`,`teamId`) VALUES (166,75);
INSERT INTO `gymnast_team_team_id` (`gymnastId`,`teamId`) VALUES (167,75);
INSERT INTO `gymnast_team_team_id` (`gymnastId`,`teamId`) VALUES (168,75);
INSERT INTO `gymnast_team_team_id` (`gymnastId`,`teamId`) VALUES (169,75);
INSERT INTO `gymnast_team_team_id` (`gymnastId`,`teamId`) VALUES (170,75);
INSERT INTO `gymnast_team_team_id` (`gymnastId`,`teamId`) VALUES (171,75);
INSERT INTO `gymnast_team_team_id` (`gymnastId`,`teamId`) VALUES (172,75);
INSERT INTO `gymnast_team_team_id` (`gymnastId`,`teamId`) VALUES (146,76);
INSERT INTO `gymnast_team_team_id` (`gymnastId`,`teamId`) VALUES (147,76);
INSERT INTO `gymnast_team_team_id` (`gymnastId`,`teamId`) VALUES (148,76);
INSERT INTO `gymnast_team_team_id` (`gymnastId`,`teamId`) VALUES (149,76);
INSERT INTO `gymnast_team_team_id` (`gymnastId`,`teamId`) VALUES (150,76);
INSERT INTO `gymnast_team_team_id` (`gymnastId`,`teamId`) VALUES (151,76);
INSERT INTO `gymnast_team_team_id` (`gymnastId`,`teamId`) VALUES (140,77);
INSERT INTO `gymnast_team_team_id` (`gymnastId`,`teamId`) VALUES (141,77);
INSERT INTO `gymnast_team_team_id` (`gymnastId`,`teamId`) VALUES (142,77);
INSERT INTO `gymnast_team_team_id` (`gymnastId`,`teamId`) VALUES (143,77);
INSERT INTO `gymnast_team_team_id` (`gymnastId`,`teamId`) VALUES (144,77);
INSERT INTO `gymnast_team_team_id` (`gymnastId`,`teamId`) VALUES (145,77);
INSERT INTO `gymnast_team_team_id` (`gymnastId`,`teamId`) VALUES (137,78);
INSERT INTO `gymnast_team_team_id` (`gymnastId`,`teamId`) VALUES (138,78);
INSERT INTO `gymnast_team_team_id` (`gymnastId`,`teamId`) VALUES (139,78);
INSERT INTO `gymnast_team_team_id` (`gymnastId`,`teamId`) VALUES (140,78);
INSERT INTO `gymnast_team_team_id` (`gymnastId`,`teamId`) VALUES (141,78);
INSERT INTO `gymnast_team_team_id` (`gymnastId`,`teamId`) VALUES (142,78);
INSERT INTO `gymnast_team_team_id` (`gymnastId`,`teamId`) VALUES (137,79);
INSERT INTO `gymnast_team_team_id` (`gymnastId`,`teamId`) VALUES (138,79);
INSERT INTO `gymnast_team_team_id` (`gymnastId`,`teamId`) VALUES (139,79);
INSERT INTO `gymnast_team_team_id` (`gymnastId`,`teamId`) VALUES (140,79);
INSERT INTO `gymnast_team_team_id` (`gymnastId`,`teamId`) VALUES (141,79);
INSERT INTO `gymnast_team_team_id` (`gymnastId`,`teamId`) VALUES (151,79);
INSERT INTO `gymnast_team_team_id` (`gymnastId`,`teamId`) VALUES (130,80);
INSERT INTO `gymnast_team_team_id` (`gymnastId`,`teamId`) VALUES (131,80);
INSERT INTO `gymnast_team_team_id` (`gymnastId`,`teamId`) VALUES (132,80);
INSERT INTO `gymnast_team_team_id` (`gymnastId`,`teamId`) VALUES (133,80);
INSERT INTO `gymnast_team_team_id` (`gymnastId`,`teamId`) VALUES (134,80);
INSERT INTO `gymnast_team_team_id` (`gymnastId`,`teamId`) VALUES (135,80);
INSERT INTO `gymnast_team_team_id` (`gymnastId`,`teamId`) VALUES (119,81);
INSERT INTO `gymnast_team_team_id` (`gymnastId`,`teamId`) VALUES (120,81);
INSERT INTO `gymnast_team_team_id` (`gymnastId`,`teamId`) VALUES (121,81);
INSERT INTO `gymnast_team_team_id` (`gymnastId`,`teamId`) VALUES (123,81);
INSERT INTO `gymnast_team_team_id` (`gymnastId`,`teamId`) VALUES (128,81);
INSERT INTO `gymnast_team_team_id` (`gymnastId`,`teamId`) VALUES (129,81);
INSERT INTO `gymnast_team_team_id` (`gymnastId`,`teamId`) VALUES (117,82);
INSERT INTO `gymnast_team_team_id` (`gymnastId`,`teamId`) VALUES (120,82);
INSERT INTO `gymnast_team_team_id` (`gymnastId`,`teamId`) VALUES (121,82);
INSERT INTO `gymnast_team_team_id` (`gymnastId`,`teamId`) VALUES (123,82);
INSERT INTO `gymnast_team_team_id` (`gymnastId`,`teamId`) VALUES (128,82);
INSERT INTO `gymnast_team_team_id` (`gymnastId`,`teamId`) VALUES (130,82);
INSERT INTO `gymnast_team_team_id` (`gymnastId`,`teamId`) VALUES (114,83);
INSERT INTO `gymnast_team_team_id` (`gymnastId`,`teamId`) VALUES (116,83);
INSERT INTO `gymnast_team_team_id` (`gymnastId`,`teamId`) VALUES (117,83);
INSERT INTO `gymnast_team_team_id` (`gymnastId`,`teamId`) VALUES (118,83);
INSERT INTO `gymnast_team_team_id` (`gymnastId`,`teamId`) VALUES (119,83);
INSERT INTO `gymnast_team_team_id` (`gymnastId`,`teamId`) VALUES (120,83);
INSERT INTO `gymnast_team_team_id` (`gymnastId`,`teamId`) VALUES (111,84);
INSERT INTO `gymnast_team_team_id` (`gymnastId`,`teamId`) VALUES (112,84);
INSERT INTO `gymnast_team_team_id` (`gymnastId`,`teamId`) VALUES (113,84);
INSERT INTO `gymnast_team_team_id` (`gymnastId`,`teamId`) VALUES (114,84);
INSERT INTO `gymnast_team_team_id` (`gymnastId`,`teamId`) VALUES (115,84);
INSERT INTO `gymnast_team_team_id` (`gymnastId`,`teamId`) VALUES (116,84);
INSERT INTO `gymnast_team_team_id` (`gymnastId`,`teamId`) VALUES (114,85);
INSERT INTO `gymnast_team_team_id` (`gymnastId`,`teamId`) VALUES (116,85);
INSERT INTO `gymnast_team_team_id` (`gymnastId`,`teamId`) VALUES (118,85);
INSERT INTO `gymnast_team_team_id` (`gymnastId`,`teamId`) VALUES (122,85);
INSERT INTO `gymnast_team_team_id` (`gymnastId`,`teamId`) VALUES (124,85);
INSERT INTO `gymnast_team_team_id` (`gymnastId`,`teamId`) VALUES (125,85);
INSERT INTO `gymnast_team_team_id` (`gymnastId`,`teamId`) VALUES (126,85);
INSERT INTO `gymnast_team_team_id` (`gymnastId`,`teamId`) VALUES (127,85);
INSERT INTO `gymnast_team_team_id` (`gymnastId`,`teamId`) VALUES (107,86);
INSERT INTO `gymnast_team_team_id` (`gymnastId`,`teamId`) VALUES (108,86);
INSERT INTO `gymnast_team_team_id` (`gymnastId`,`teamId`) VALUES (109,86);
INSERT INTO `gymnast_team_team_id` (`gymnastId`,`teamId`) VALUES (110,86);
INSERT INTO `gymnast_team_team_id` (`gymnastId`,`teamId`) VALUES (111,86);
INSERT INTO `gymnast_team_team_id` (`gymnastId`,`teamId`) VALUES (112,86);
INSERT INTO `gymnast_team_team_id` (`gymnastId`,`teamId`) VALUES (101,87);
INSERT INTO `gymnast_team_team_id` (`gymnastId`,`teamId`) VALUES (102,87);
INSERT INTO `gymnast_team_team_id` (`gymnastId`,`teamId`) VALUES (103,87);
INSERT INTO `gymnast_team_team_id` (`gymnastId`,`teamId`) VALUES (105,87);
INSERT INTO `gymnast_team_team_id` (`gymnastId`,`teamId`) VALUES (106,87);
INSERT INTO `gymnast_team_team_id` (`gymnastId`,`teamId`) VALUES (94,88);
INSERT INTO `gymnast_team_team_id` (`gymnastId`,`teamId`) VALUES (95,88);
INSERT INTO `gymnast_team_team_id` (`gymnastId`,`teamId`) VALUES (96,88);
INSERT INTO `gymnast_team_team_id` (`gymnastId`,`teamId`) VALUES (97,88);
INSERT INTO `gymnast_team_team_id` (`gymnastId`,`teamId`) VALUES (98,88);
INSERT INTO `gymnast_team_team_id` (`gymnastId`,`teamId`) VALUES (99,88);
INSERT INTO `gymnast_team_team_id` (`gymnastId`,`teamId`) VALUES (100,88);
INSERT INTO `gymnast_team_team_id` (`gymnastId`,`teamId`) VALUES (104,88);
INSERT INTO `gymnast_team_team_id` (`gymnastId`,`teamId`) VALUES (64,89);
INSERT INTO `gymnast_team_team_id` (`gymnastId`,`teamId`) VALUES (65,89);
INSERT INTO `gymnast_team_team_id` (`gymnastId`,`teamId`) VALUES (66,89);
INSERT INTO `gymnast_team_team_id` (`gymnastId`,`teamId`) VALUES (67,89);
INSERT INTO `gymnast_team_team_id` (`gymnastId`,`teamId`) VALUES (68,89);
INSERT INTO `gymnast_team_team_id` (`gymnastId`,`teamId`) VALUES (69,89);
INSERT INTO `gymnast_team_team_id` (`gymnastId`,`teamId`) VALUES (71,89);
INSERT INTO `gymnast_team_team_id` (`gymnastId`,`teamId`) VALUES (72,89);
INSERT INTO `gymnast_team_team_id` (`gymnastId`,`teamId`) VALUES (73,89);
INSERT INTO `gymnast_team_team_id` (`gymnastId`,`teamId`) VALUES (75,90);
INSERT INTO `gymnast_team_team_id` (`gymnastId`,`teamId`) VALUES (76,90);
INSERT INTO `gymnast_team_team_id` (`gymnastId`,`teamId`) VALUES (77,90);
INSERT INTO `gymnast_team_team_id` (`gymnastId`,`teamId`) VALUES (78,90);
INSERT INTO `gymnast_team_team_id` (`gymnastId`,`teamId`) VALUES (79,90);
INSERT INTO `gymnast_team_team_id` (`gymnastId`,`teamId`) VALUES (80,90);
INSERT INTO `gymnast_team_team_id` (`gymnastId`,`teamId`) VALUES (81,90);
INSERT INTO `gymnast_team_team_id` (`gymnastId`,`teamId`) VALUES (82,90);
INSERT INTO `gymnast_team_team_id` (`gymnastId`,`teamId`) VALUES (84,90);
INSERT INTO `gymnast_team_team_id` (`gymnastId`,`teamId`) VALUES (89,90);
INSERT INTO `gymnast_team_team_id` (`gymnastId`,`teamId`) VALUES (90,90);
INSERT INTO `gymnast_team_team_id` (`gymnastId`,`teamId`) VALUES (79,91);
INSERT INTO `gymnast_team_team_id` (`gymnastId`,`teamId`) VALUES (80,91);
INSERT INTO `gymnast_team_team_id` (`gymnastId`,`teamId`) VALUES (82,91);
INSERT INTO `gymnast_team_team_id` (`gymnastId`,`teamId`) VALUES (83,91);
INSERT INTO `gymnast_team_team_id` (`gymnastId`,`teamId`) VALUES (86,91);
INSERT INTO `gymnast_team_team_id` (`gymnastId`,`teamId`) VALUES (88,91);
INSERT INTO `gymnast_team_team_id` (`gymnastId`,`teamId`) VALUES (91,91);
INSERT INTO `gymnast_team_team_id` (`gymnastId`,`teamId`) VALUES (92,91);
INSERT INTO `gymnast_team_team_id` (`gymnastId`,`teamId`) VALUES (93,91);
INSERT INTO `gymnast_team_team_id` (`gymnastId`,`teamId`) VALUES (79,92);
INSERT INTO `gymnast_team_team_id` (`gymnastId`,`teamId`) VALUES (80,92);
INSERT INTO `gymnast_team_team_id` (`gymnastId`,`teamId`) VALUES (81,92);
INSERT INTO `gymnast_team_team_id` (`gymnastId`,`teamId`) VALUES (82,92);
INSERT INTO `gymnast_team_team_id` (`gymnastId`,`teamId`) VALUES (84,92);
INSERT INTO `gymnast_team_team_id` (`gymnastId`,`teamId`) VALUES (89,92);
INSERT INTO `gymnast_team_team_id` (`gymnastId`,`teamId`) VALUES (90,92);
INSERT INTO `gymnast_team_team_id` (`gymnastId`,`teamId`) VALUES (85,93);
INSERT INTO `gymnast_team_team_id` (`gymnastId`,`teamId`) VALUES (86,93);
INSERT INTO `gymnast_team_team_id` (`gymnastId`,`teamId`) VALUES (87,93);
INSERT INTO `gymnast_team_team_id` (`gymnastId`,`teamId`) VALUES (88,93);
INSERT INTO `gymnast_team_team_id` (`gymnastId`,`teamId`) VALUES (92,93);
INSERT INTO `gymnast_team_team_id` (`gymnastId`,`teamId`) VALUES (93,93);
INSERT INTO `gymnast_team_team_id` (`gymnastId`,`teamId`) VALUES (33,94);
INSERT INTO `gymnast_team_team_id` (`gymnastId`,`teamId`) VALUES (37,94);
INSERT INTO `gymnast_team_team_id` (`gymnastId`,`teamId`) VALUES (38,94);
INSERT INTO `gymnast_team_team_id` (`gymnastId`,`teamId`) VALUES (42,94);
INSERT INTO `gymnast_team_team_id` (`gymnastId`,`teamId`) VALUES (44,94);
INSERT INTO `gymnast_team_team_id` (`gymnastId`,`teamId`) VALUES (62,94);
INSERT INTO `gymnast_team_team_id` (`gymnastId`,`teamId`) VALUES (63,94);
INSERT INTO `gymnast_team_team_id` (`gymnastId`,`teamId`) VALUES (12,95);
INSERT INTO `gymnast_team_team_id` (`gymnastId`,`teamId`) VALUES (30,95);
INSERT INTO `gymnast_team_team_id` (`gymnastId`,`teamId`) VALUES (31,95);
INSERT INTO `gymnast_team_team_id` (`gymnastId`,`teamId`) VALUES (32,95);
INSERT INTO `gymnast_team_team_id` (`gymnastId`,`teamId`) VALUES (33,95);
INSERT INTO `gymnast_team_team_id` (`gymnastId`,`teamId`) VALUES (35,95);
INSERT INTO `gymnast_team_team_id` (`gymnastId`,`teamId`) VALUES (37,95);
INSERT INTO `gymnast_team_team_id` (`gymnastId`,`teamId`) VALUES (38,95);
INSERT INTO `gymnast_team_team_id` (`gymnastId`,`teamId`) VALUES (1,96);
INSERT INTO `gymnast_team_team_id` (`gymnastId`,`teamId`) VALUES (2,96);
INSERT INTO `gymnast_team_team_id` (`gymnastId`,`teamId`) VALUES (9,96);
INSERT INTO `gymnast_team_team_id` (`gymnastId`,`teamId`) VALUES (14,96);
INSERT INTO `gymnast_team_team_id` (`gymnastId`,`teamId`) VALUES (15,96);
INSERT INTO `gymnast_team_team_id` (`gymnastId`,`teamId`) VALUES (16,96);
INSERT INTO `gymnast_team_team_id` (`gymnastId`,`teamId`) VALUES (22,96);
INSERT INTO `gymnast_team_team_id` (`gymnastId`,`teamId`) VALUES (24,97);
INSERT INTO `gymnast_team_team_id` (`gymnastId`,`teamId`) VALUES (26,97);
INSERT INTO `gymnast_team_team_id` (`gymnastId`,`teamId`) VALUES (27,97);
INSERT INTO `gymnast_team_team_id` (`gymnastId`,`teamId`) VALUES (45,97);
INSERT INTO `gymnast_team_team_id` (`gymnastId`,`teamId`) VALUES (47,97);
INSERT INTO `gymnast_team_team_id` (`gymnastId`,`teamId`) VALUES (49,97);
INSERT INTO `gymnast_team_team_id` (`gymnastId`,`teamId`) VALUES (248,97);
INSERT INTO `gymnast_team_team_id` (`gymnastId`,`teamId`) VALUES (8,98);
INSERT INTO `gymnast_team_team_id` (`gymnastId`,`teamId`) VALUES (10,98);
INSERT INTO `gymnast_team_team_id` (`gymnastId`,`teamId`) VALUES (13,98);
INSERT INTO `gymnast_team_team_id` (`gymnastId`,`teamId`) VALUES (18,98);
INSERT INTO `gymnast_team_team_id` (`gymnastId`,`teamId`) VALUES (20,98);
INSERT INTO `gymnast_team_team_id` (`gymnastId`,`teamId`) VALUES (23,98);
INSERT INTO `gymnast_team_team_id` (`gymnastId`,`teamId`) VALUES (28,98);
INSERT INTO `gymnast_team_team_id` (`gymnastId`,`teamId`) VALUES (29,98);
INSERT INTO `gymnast_team_team_id` (`gymnastId`,`teamId`) VALUES (46,98);
INSERT INTO `gymnast_team_team_id` (`gymnastId`,`teamId`) VALUES (48,98);
INSERT INTO `gymnast_team_team_id` (`gymnastId`,`teamId`) VALUES (50,98);
INSERT INTO `gymnast_team_team_id` (`gymnastId`,`teamId`) VALUES (52,98);
INSERT INTO `gymnast_team_team_id` (`gymnastId`,`teamId`) VALUES (55,98);
INSERT INTO `gymnast_team_team_id` (`gymnastId`,`teamId`) VALUES (58,98);
INSERT INTO `gymnast_team_team_id` (`gymnastId`,`teamId`) VALUES (4,99);
INSERT INTO `gymnast_team_team_id` (`gymnastId`,`teamId`) VALUES (5,99);
INSERT INTO `gymnast_team_team_id` (`gymnastId`,`teamId`) VALUES (6,99);
INSERT INTO `gymnast_team_team_id` (`gymnastId`,`teamId`) VALUES (7,99);
INSERT INTO `gymnast_team_team_id` (`gymnastId`,`teamId`) VALUES (17,99);
INSERT INTO `gymnast_team_team_id` (`gymnastId`,`teamId`) VALUES (22,99);
INSERT INTO `gymnast_team_team_id` (`gymnastId`,`teamId`) VALUES (26,99);
INSERT INTO `gymnast_team_team_id` (`gymnastId`,`teamId`) VALUES (247,99);
INSERT INTO `gymnast_team_team_id` (`gymnastId`,`teamId`) VALUES (4,100);
INSERT INTO `gymnast_team_team_id` (`gymnastId`,`teamId`) VALUES (6,100);
INSERT INTO `gymnast_team_team_id` (`gymnastId`,`teamId`) VALUES (7,100);
INSERT INTO `gymnast_team_team_id` (`gymnastId`,`teamId`) VALUES (8,100);
INSERT INTO `gymnast_team_team_id` (`gymnastId`,`teamId`) VALUES (10,100);
INSERT INTO `gymnast_team_team_id` (`gymnastId`,`teamId`) VALUES (13,100);
INSERT INTO `gymnast_team_team_id` (`gymnastId`,`teamId`) VALUES (17,100);
INSERT INTO `gymnast_team_team_id` (`gymnastId`,`teamId`) VALUES (46,100);
INSERT INTO `gymnast_team_team_id` (`gymnastId`,`teamId`) VALUES (48,100);
INSERT INTO `gymnast_team_team_id` (`gymnastId`,`teamId`) VALUES (3,101);
INSERT INTO `gymnast_team_team_id` (`gymnastId`,`teamId`) VALUES (11,101);
INSERT INTO `gymnast_team_team_id` (`gymnastId`,`teamId`) VALUES (21,101);
INSERT INTO `gymnast_team_team_id` (`gymnastId`,`teamId`) VALUES (51,101);
INSERT INTO `gymnast_team_team_id` (`gymnastId`,`teamId`) VALUES (57,101);
INSERT INTO `gymnast_team_team_id` (`gymnastId`,`teamId`) VALUES (59,101);
INSERT INTO `gymnast_team_team_id` (`gymnastId`,`teamId`) VALUES (61,101);
INSERT INTO `gymnast_team_team_id` (`gymnastId`,`teamId`) VALUES (4,102);
INSERT INTO `gymnast_team_team_id` (`gymnastId`,`teamId`) VALUES (5,102);
INSERT INTO `gymnast_team_team_id` (`gymnastId`,`teamId`) VALUES (10,102);
INSERT INTO `gymnast_team_team_id` (`gymnastId`,`teamId`) VALUES (28,102);
INSERT INTO `gymnast_team_team_id` (`gymnastId`,`teamId`) VALUES (48,102);
INSERT INTO `gymnast_team_team_id` (`gymnastId`,`teamId`) VALUES (50,102);
INSERT INTO `gymnast_team_team_id` (`gymnastId`,`teamId`) VALUES (52,102);
INSERT INTO `gymnast_team_team_id` (`gymnastId`,`teamId`) VALUES (198,103);
INSERT INTO `gymnast_team_team_id` (`gymnastId`,`teamId`) VALUES (200,103);
INSERT INTO `gymnast_team_team_id` (`gymnastId`,`teamId`) VALUES (204,103);
INSERT INTO `gymnast_team_team_id` (`gymnastId`,`teamId`) VALUES (215,103);
INSERT INTO `gymnast_team_team_id` (`gymnastId`,`teamId`) VALUES (216,103);

INSERT INTO `gymnast_troop_troop_id` (`gymnastId`,`troopId`) VALUES (64,50);
INSERT INTO `gymnast_troop_troop_id` (`gymnastId`,`troopId`) VALUES (65,50);
INSERT INTO `gymnast_troop_troop_id` (`gymnastId`,`troopId`) VALUES (66,50);
INSERT INTO `gymnast_troop_troop_id` (`gymnastId`,`troopId`) VALUES (67,50);
INSERT INTO `gymnast_troop_troop_id` (`gymnastId`,`troopId`) VALUES (68,50);
INSERT INTO `gymnast_troop_troop_id` (`gymnastId`,`troopId`) VALUES (69,50);
INSERT INTO `gymnast_troop_troop_id` (`gymnastId`,`troopId`) VALUES (71,50);
INSERT INTO `gymnast_troop_troop_id` (`gymnastId`,`troopId`) VALUES (72,50);
INSERT INTO `gymnast_troop_troop_id` (`gymnastId`,`troopId`) VALUES (73,50);
INSERT INTO `gymnast_troop_troop_id` (`gymnastId`,`troopId`) VALUES (75,51);
INSERT INTO `gymnast_troop_troop_id` (`gymnastId`,`troopId`) VALUES (76,51);
INSERT INTO `gymnast_troop_troop_id` (`gymnastId`,`troopId`) VALUES (77,51);
INSERT INTO `gymnast_troop_troop_id` (`gymnastId`,`troopId`) VALUES (78,51);
INSERT INTO `gymnast_troop_troop_id` (`gymnastId`,`troopId`) VALUES (79,51);
INSERT INTO `gymnast_troop_troop_id` (`gymnastId`,`troopId`) VALUES (80,51);
INSERT INTO `gymnast_troop_troop_id` (`gymnastId`,`troopId`) VALUES (81,51);
INSERT INTO `gymnast_troop_troop_id` (`gymnastId`,`troopId`) VALUES (82,51);
INSERT INTO `gymnast_troop_troop_id` (`gymnastId`,`troopId`) VALUES (84,51);
INSERT INTO `gymnast_troop_troop_id` (`gymnastId`,`troopId`) VALUES (89,51);
INSERT INTO `gymnast_troop_troop_id` (`gymnastId`,`troopId`) VALUES (90,51);
INSERT INTO `gymnast_troop_troop_id` (`gymnastId`,`troopId`) VALUES (79,52);
INSERT INTO `gymnast_troop_troop_id` (`gymnastId`,`troopId`) VALUES (80,52);
INSERT INTO `gymnast_troop_troop_id` (`gymnastId`,`troopId`) VALUES (82,52);
INSERT INTO `gymnast_troop_troop_id` (`gymnastId`,`troopId`) VALUES (83,52);
INSERT INTO `gymnast_troop_troop_id` (`gymnastId`,`troopId`) VALUES (86,52);
INSERT INTO `gymnast_troop_troop_id` (`gymnastId`,`troopId`) VALUES (88,52);
INSERT INTO `gymnast_troop_troop_id` (`gymnastId`,`troopId`) VALUES (91,52);
INSERT INTO `gymnast_troop_troop_id` (`gymnastId`,`troopId`) VALUES (92,52);
INSERT INTO `gymnast_troop_troop_id` (`gymnastId`,`troopId`) VALUES (93,52);
INSERT INTO `gymnast_troop_troop_id` (`gymnastId`,`troopId`) VALUES (85,53);
INSERT INTO `gymnast_troop_troop_id` (`gymnastId`,`troopId`) VALUES (86,53);
INSERT INTO `gymnast_troop_troop_id` (`gymnastId`,`troopId`) VALUES (87,53);
INSERT INTO `gymnast_troop_troop_id` (`gymnastId`,`troopId`) VALUES (88,53);
INSERT INTO `gymnast_troop_troop_id` (`gymnastId`,`troopId`) VALUES (92,53);
INSERT INTO `gymnast_troop_troop_id` (`gymnastId`,`troopId`) VALUES (93,53);
INSERT INTO `gymnast_troop_troop_id` (`gymnastId`,`troopId`) VALUES (101,60);
INSERT INTO `gymnast_troop_troop_id` (`gymnastId`,`troopId`) VALUES (102,60);
INSERT INTO `gymnast_troop_troop_id` (`gymnastId`,`troopId`) VALUES (103,60);
INSERT INTO `gymnast_troop_troop_id` (`gymnastId`,`troopId`) VALUES (105,60);
INSERT INTO `gymnast_troop_troop_id` (`gymnastId`,`troopId`) VALUES (106,60);
INSERT INTO `gymnast_troop_troop_id` (`gymnastId`,`troopId`) VALUES (94,61);
INSERT INTO `gymnast_troop_troop_id` (`gymnastId`,`troopId`) VALUES (95,61);
INSERT INTO `gymnast_troop_troop_id` (`gymnastId`,`troopId`) VALUES (96,61);
INSERT INTO `gymnast_troop_troop_id` (`gymnastId`,`troopId`) VALUES (97,61);
INSERT INTO `gymnast_troop_troop_id` (`gymnastId`,`troopId`) VALUES (98,61);
INSERT INTO `gymnast_troop_troop_id` (`gymnastId`,`troopId`) VALUES (99,61);
INSERT INTO `gymnast_troop_troop_id` (`gymnastId`,`troopId`) VALUES (100,61);
INSERT INTO `gymnast_troop_troop_id` (`gymnastId`,`troopId`) VALUES (104,61);
INSERT INTO `gymnast_troop_troop_id` (`gymnastId`,`troopId`) VALUES (152,62);
INSERT INTO `gymnast_troop_troop_id` (`gymnastId`,`troopId`) VALUES (153,62);
INSERT INTO `gymnast_troop_troop_id` (`gymnastId`,`troopId`) VALUES (154,62);
INSERT INTO `gymnast_troop_troop_id` (`gymnastId`,`troopId`) VALUES (155,62);
INSERT INTO `gymnast_troop_troop_id` (`gymnastId`,`troopId`) VALUES (156,62);
INSERT INTO `gymnast_troop_troop_id` (`gymnastId`,`troopId`) VALUES (157,62);
INSERT INTO `gymnast_troop_troop_id` (`gymnastId`,`troopId`) VALUES (158,62);
INSERT INTO `gymnast_troop_troop_id` (`gymnastId`,`troopId`) VALUES (159,62);
INSERT INTO `gymnast_troop_troop_id` (`gymnastId`,`troopId`) VALUES (160,62);
INSERT INTO `gymnast_troop_troop_id` (`gymnastId`,`troopId`) VALUES (161,62);
INSERT INTO `gymnast_troop_troop_id` (`gymnastId`,`troopId`) VALUES (162,62);
INSERT INTO `gymnast_troop_troop_id` (`gymnastId`,`troopId`) VALUES (163,62);
INSERT INTO `gymnast_troop_troop_id` (`gymnastId`,`troopId`) VALUES (164,62);
INSERT INTO `gymnast_troop_troop_id` (`gymnastId`,`troopId`) VALUES (165,62);
INSERT INTO `gymnast_troop_troop_id` (`gymnastId`,`troopId`) VALUES (166,62);
INSERT INTO `gymnast_troop_troop_id` (`gymnastId`,`troopId`) VALUES (167,62);
INSERT INTO `gymnast_troop_troop_id` (`gymnastId`,`troopId`) VALUES (168,62);
INSERT INTO `gymnast_troop_troop_id` (`gymnastId`,`troopId`) VALUES (169,62);
INSERT INTO `gymnast_troop_troop_id` (`gymnastId`,`troopId`) VALUES (170,62);
INSERT INTO `gymnast_troop_troop_id` (`gymnastId`,`troopId`) VALUES (171,62);
INSERT INTO `gymnast_troop_troop_id` (`gymnastId`,`troopId`) VALUES (172,62);
INSERT INTO `gymnast_troop_troop_id` (`gymnastId`,`troopId`) VALUES (146,63);
INSERT INTO `gymnast_troop_troop_id` (`gymnastId`,`troopId`) VALUES (147,63);
INSERT INTO `gymnast_troop_troop_id` (`gymnastId`,`troopId`) VALUES (148,63);
INSERT INTO `gymnast_troop_troop_id` (`gymnastId`,`troopId`) VALUES (149,63);
INSERT INTO `gymnast_troop_troop_id` (`gymnastId`,`troopId`) VALUES (150,63);
INSERT INTO `gymnast_troop_troop_id` (`gymnastId`,`troopId`) VALUES (151,63);
INSERT INTO `gymnast_troop_troop_id` (`gymnastId`,`troopId`) VALUES (140,64);
INSERT INTO `gymnast_troop_troop_id` (`gymnastId`,`troopId`) VALUES (141,64);
INSERT INTO `gymnast_troop_troop_id` (`gymnastId`,`troopId`) VALUES (142,64);
INSERT INTO `gymnast_troop_troop_id` (`gymnastId`,`troopId`) VALUES (143,64);
INSERT INTO `gymnast_troop_troop_id` (`gymnastId`,`troopId`) VALUES (144,64);
INSERT INTO `gymnast_troop_troop_id` (`gymnastId`,`troopId`) VALUES (145,64);
INSERT INTO `gymnast_troop_troop_id` (`gymnastId`,`troopId`) VALUES (137,65);
INSERT INTO `gymnast_troop_troop_id` (`gymnastId`,`troopId`) VALUES (138,65);
INSERT INTO `gymnast_troop_troop_id` (`gymnastId`,`troopId`) VALUES (139,65);
INSERT INTO `gymnast_troop_troop_id` (`gymnastId`,`troopId`) VALUES (140,65);
INSERT INTO `gymnast_troop_troop_id` (`gymnastId`,`troopId`) VALUES (141,65);
INSERT INTO `gymnast_troop_troop_id` (`gymnastId`,`troopId`) VALUES (142,65);
INSERT INTO `gymnast_troop_troop_id` (`gymnastId`,`troopId`) VALUES (137,66);
INSERT INTO `gymnast_troop_troop_id` (`gymnastId`,`troopId`) VALUES (138,66);
INSERT INTO `gymnast_troop_troop_id` (`gymnastId`,`troopId`) VALUES (139,66);
INSERT INTO `gymnast_troop_troop_id` (`gymnastId`,`troopId`) VALUES (140,66);
INSERT INTO `gymnast_troop_troop_id` (`gymnastId`,`troopId`) VALUES (141,66);
INSERT INTO `gymnast_troop_troop_id` (`gymnastId`,`troopId`) VALUES (151,66);
INSERT INTO `gymnast_troop_troop_id` (`gymnastId`,`troopId`) VALUES (130,67);
INSERT INTO `gymnast_troop_troop_id` (`gymnastId`,`troopId`) VALUES (131,67);
INSERT INTO `gymnast_troop_troop_id` (`gymnastId`,`troopId`) VALUES (132,67);
INSERT INTO `gymnast_troop_troop_id` (`gymnastId`,`troopId`) VALUES (133,67);
INSERT INTO `gymnast_troop_troop_id` (`gymnastId`,`troopId`) VALUES (134,67);
INSERT INTO `gymnast_troop_troop_id` (`gymnastId`,`troopId`) VALUES (135,67);
INSERT INTO `gymnast_troop_troop_id` (`gymnastId`,`troopId`) VALUES (119,68);
INSERT INTO `gymnast_troop_troop_id` (`gymnastId`,`troopId`) VALUES (120,68);
INSERT INTO `gymnast_troop_troop_id` (`gymnastId`,`troopId`) VALUES (121,68);
INSERT INTO `gymnast_troop_troop_id` (`gymnastId`,`troopId`) VALUES (123,68);
INSERT INTO `gymnast_troop_troop_id` (`gymnastId`,`troopId`) VALUES (128,68);
INSERT INTO `gymnast_troop_troop_id` (`gymnastId`,`troopId`) VALUES (129,68);
INSERT INTO `gymnast_troop_troop_id` (`gymnastId`,`troopId`) VALUES (117,69);
INSERT INTO `gymnast_troop_troop_id` (`gymnastId`,`troopId`) VALUES (120,69);
INSERT INTO `gymnast_troop_troop_id` (`gymnastId`,`troopId`) VALUES (121,69);
INSERT INTO `gymnast_troop_troop_id` (`gymnastId`,`troopId`) VALUES (123,69);
INSERT INTO `gymnast_troop_troop_id` (`gymnastId`,`troopId`) VALUES (128,69);
INSERT INTO `gymnast_troop_troop_id` (`gymnastId`,`troopId`) VALUES (130,69);
INSERT INTO `gymnast_troop_troop_id` (`gymnastId`,`troopId`) VALUES (114,70);
INSERT INTO `gymnast_troop_troop_id` (`gymnastId`,`troopId`) VALUES (116,70);
INSERT INTO `gymnast_troop_troop_id` (`gymnastId`,`troopId`) VALUES (117,70);
INSERT INTO `gymnast_troop_troop_id` (`gymnastId`,`troopId`) VALUES (118,70);
INSERT INTO `gymnast_troop_troop_id` (`gymnastId`,`troopId`) VALUES (119,70);
INSERT INTO `gymnast_troop_troop_id` (`gymnastId`,`troopId`) VALUES (120,70);
INSERT INTO `gymnast_troop_troop_id` (`gymnastId`,`troopId`) VALUES (111,71);
INSERT INTO `gymnast_troop_troop_id` (`gymnastId`,`troopId`) VALUES (112,71);
INSERT INTO `gymnast_troop_troop_id` (`gymnastId`,`troopId`) VALUES (113,71);
INSERT INTO `gymnast_troop_troop_id` (`gymnastId`,`troopId`) VALUES (114,71);
INSERT INTO `gymnast_troop_troop_id` (`gymnastId`,`troopId`) VALUES (115,71);
INSERT INTO `gymnast_troop_troop_id` (`gymnastId`,`troopId`) VALUES (116,71);
INSERT INTO `gymnast_troop_troop_id` (`gymnastId`,`troopId`) VALUES (114,72);
INSERT INTO `gymnast_troop_troop_id` (`gymnastId`,`troopId`) VALUES (116,72);
INSERT INTO `gymnast_troop_troop_id` (`gymnastId`,`troopId`) VALUES (118,72);
INSERT INTO `gymnast_troop_troop_id` (`gymnastId`,`troopId`) VALUES (122,72);
INSERT INTO `gymnast_troop_troop_id` (`gymnastId`,`troopId`) VALUES (124,72);
INSERT INTO `gymnast_troop_troop_id` (`gymnastId`,`troopId`) VALUES (125,72);
INSERT INTO `gymnast_troop_troop_id` (`gymnastId`,`troopId`) VALUES (126,72);
INSERT INTO `gymnast_troop_troop_id` (`gymnastId`,`troopId`) VALUES (127,72);
INSERT INTO `gymnast_troop_troop_id` (`gymnastId`,`troopId`) VALUES (107,73);
INSERT INTO `gymnast_troop_troop_id` (`gymnastId`,`troopId`) VALUES (108,73);
INSERT INTO `gymnast_troop_troop_id` (`gymnastId`,`troopId`) VALUES (109,73);
INSERT INTO `gymnast_troop_troop_id` (`gymnastId`,`troopId`) VALUES (110,73);
INSERT INTO `gymnast_troop_troop_id` (`gymnastId`,`troopId`) VALUES (111,73);
INSERT INTO `gymnast_troop_troop_id` (`gymnastId`,`troopId`) VALUES (112,73);
INSERT INTO `gymnast_troop_troop_id` (`gymnastId`,`troopId`) VALUES (179,74);
INSERT INTO `gymnast_troop_troop_id` (`gymnastId`,`troopId`) VALUES (181,74);
INSERT INTO `gymnast_troop_troop_id` (`gymnastId`,`troopId`) VALUES (182,74);
INSERT INTO `gymnast_troop_troop_id` (`gymnastId`,`troopId`) VALUES (192,74);
INSERT INTO `gymnast_troop_troop_id` (`gymnastId`,`troopId`) VALUES (193,74);
INSERT INTO `gymnast_troop_troop_id` (`gymnastId`,`troopId`) VALUES (194,74);
INSERT INTO `gymnast_troop_troop_id` (`gymnastId`,`troopId`) VALUES (184,75);
INSERT INTO `gymnast_troop_troop_id` (`gymnastId`,`troopId`) VALUES (186,75);
INSERT INTO `gymnast_troop_troop_id` (`gymnastId`,`troopId`) VALUES (187,75);
INSERT INTO `gymnast_troop_troop_id` (`gymnastId`,`troopId`) VALUES (189,75);
INSERT INTO `gymnast_troop_troop_id` (`gymnastId`,`troopId`) VALUES (190,75);
INSERT INTO `gymnast_troop_troop_id` (`gymnastId`,`troopId`) VALUES (191,75);
INSERT INTO `gymnast_troop_troop_id` (`gymnastId`,`troopId`) VALUES (183,76);
INSERT INTO `gymnast_troop_troop_id` (`gymnastId`,`troopId`) VALUES (184,76);
INSERT INTO `gymnast_troop_troop_id` (`gymnastId`,`troopId`) VALUES (185,76);
INSERT INTO `gymnast_troop_troop_id` (`gymnastId`,`troopId`) VALUES (186,76);
INSERT INTO `gymnast_troop_troop_id` (`gymnastId`,`troopId`) VALUES (187,76);
INSERT INTO `gymnast_troop_troop_id` (`gymnastId`,`troopId`) VALUES (188,76);
INSERT INTO `gymnast_troop_troop_id` (`gymnastId`,`troopId`) VALUES (173,77);
INSERT INTO `gymnast_troop_troop_id` (`gymnastId`,`troopId`) VALUES (174,77);
INSERT INTO `gymnast_troop_troop_id` (`gymnastId`,`troopId`) VALUES (175,77);
INSERT INTO `gymnast_troop_troop_id` (`gymnastId`,`troopId`) VALUES (176,77);
INSERT INTO `gymnast_troop_troop_id` (`gymnastId`,`troopId`) VALUES (177,77);
INSERT INTO `gymnast_troop_troop_id` (`gymnastId`,`troopId`) VALUES (178,77);
INSERT INTO `gymnast_troop_troop_id` (`gymnastId`,`troopId`) VALUES (203,78);
INSERT INTO `gymnast_troop_troop_id` (`gymnastId`,`troopId`) VALUES (206,78);
INSERT INTO `gymnast_troop_troop_id` (`gymnastId`,`troopId`) VALUES (207,78);
INSERT INTO `gymnast_troop_troop_id` (`gymnastId`,`troopId`) VALUES (208,78);
INSERT INTO `gymnast_troop_troop_id` (`gymnastId`,`troopId`) VALUES (211,78);
INSERT INTO `gymnast_troop_troop_id` (`gymnastId`,`troopId`) VALUES (213,78);
INSERT INTO `gymnast_troop_troop_id` (`gymnastId`,`troopId`) VALUES (214,78);
INSERT INTO `gymnast_troop_troop_id` (`gymnastId`,`troopId`) VALUES (199,79);
INSERT INTO `gymnast_troop_troop_id` (`gymnastId`,`troopId`) VALUES (202,79);
INSERT INTO `gymnast_troop_troop_id` (`gymnastId`,`troopId`) VALUES (203,79);
INSERT INTO `gymnast_troop_troop_id` (`gymnastId`,`troopId`) VALUES (205,79);
INSERT INTO `gymnast_troop_troop_id` (`gymnastId`,`troopId`) VALUES (206,79);
INSERT INTO `gymnast_troop_troop_id` (`gymnastId`,`troopId`) VALUES (207,79);
INSERT INTO `gymnast_troop_troop_id` (`gymnastId`,`troopId`) VALUES (198,80);
INSERT INTO `gymnast_troop_troop_id` (`gymnastId`,`troopId`) VALUES (200,80);
INSERT INTO `gymnast_troop_troop_id` (`gymnastId`,`troopId`) VALUES (201,80);
INSERT INTO `gymnast_troop_troop_id` (`gymnastId`,`troopId`) VALUES (204,80);
INSERT INTO `gymnast_troop_troop_id` (`gymnastId`,`troopId`) VALUES (209,80);
INSERT INTO `gymnast_troop_troop_id` (`gymnastId`,`troopId`) VALUES (210,80);
INSERT INTO `gymnast_troop_troop_id` (`gymnastId`,`troopId`) VALUES (212,80);
INSERT INTO `gymnast_troop_troop_id` (`gymnastId`,`troopId`) VALUES (215,80);
INSERT INTO `gymnast_troop_troop_id` (`gymnastId`,`troopId`) VALUES (216,80);
INSERT INTO `gymnast_troop_troop_id` (`gymnastId`,`troopId`) VALUES (33,81);
INSERT INTO `gymnast_troop_troop_id` (`gymnastId`,`troopId`) VALUES (37,81);
INSERT INTO `gymnast_troop_troop_id` (`gymnastId`,`troopId`) VALUES (38,81);
INSERT INTO `gymnast_troop_troop_id` (`gymnastId`,`troopId`) VALUES (42,81);
INSERT INTO `gymnast_troop_troop_id` (`gymnastId`,`troopId`) VALUES (44,81);
INSERT INTO `gymnast_troop_troop_id` (`gymnastId`,`troopId`) VALUES (62,81);
INSERT INTO `gymnast_troop_troop_id` (`gymnastId`,`troopId`) VALUES (63,81);
INSERT INTO `gymnast_troop_troop_id` (`gymnastId`,`troopId`) VALUES (12,82);
INSERT INTO `gymnast_troop_troop_id` (`gymnastId`,`troopId`) VALUES (30,82);
INSERT INTO `gymnast_troop_troop_id` (`gymnastId`,`troopId`) VALUES (31,82);
INSERT INTO `gymnast_troop_troop_id` (`gymnastId`,`troopId`) VALUES (32,82);
INSERT INTO `gymnast_troop_troop_id` (`gymnastId`,`troopId`) VALUES (33,82);
INSERT INTO `gymnast_troop_troop_id` (`gymnastId`,`troopId`) VALUES (35,82);
INSERT INTO `gymnast_troop_troop_id` (`gymnastId`,`troopId`) VALUES (37,82);
INSERT INTO `gymnast_troop_troop_id` (`gymnastId`,`troopId`) VALUES (38,82);
INSERT INTO `gymnast_troop_troop_id` (`gymnastId`,`troopId`) VALUES (1,83);
INSERT INTO `gymnast_troop_troop_id` (`gymnastId`,`troopId`) VALUES (2,83);
INSERT INTO `gymnast_troop_troop_id` (`gymnastId`,`troopId`) VALUES (9,83);
INSERT INTO `gymnast_troop_troop_id` (`gymnastId`,`troopId`) VALUES (14,83);
INSERT INTO `gymnast_troop_troop_id` (`gymnastId`,`troopId`) VALUES (15,83);
INSERT INTO `gymnast_troop_troop_id` (`gymnastId`,`troopId`) VALUES (16,83);
INSERT INTO `gymnast_troop_troop_id` (`gymnastId`,`troopId`) VALUES (22,83);
INSERT INTO `gymnast_troop_troop_id` (`gymnastId`,`troopId`) VALUES (24,84);
INSERT INTO `gymnast_troop_troop_id` (`gymnastId`,`troopId`) VALUES (26,84);
INSERT INTO `gymnast_troop_troop_id` (`gymnastId`,`troopId`) VALUES (27,84);
INSERT INTO `gymnast_troop_troop_id` (`gymnastId`,`troopId`) VALUES (45,84);
INSERT INTO `gymnast_troop_troop_id` (`gymnastId`,`troopId`) VALUES (47,84);
INSERT INTO `gymnast_troop_troop_id` (`gymnastId`,`troopId`) VALUES (49,84);
INSERT INTO `gymnast_troop_troop_id` (`gymnastId`,`troopId`) VALUES (248,84);
INSERT INTO `gymnast_troop_troop_id` (`gymnastId`,`troopId`) VALUES (8,85);
INSERT INTO `gymnast_troop_troop_id` (`gymnastId`,`troopId`) VALUES (10,85);
INSERT INTO `gymnast_troop_troop_id` (`gymnastId`,`troopId`) VALUES (13,85);
INSERT INTO `gymnast_troop_troop_id` (`gymnastId`,`troopId`) VALUES (18,85);
INSERT INTO `gymnast_troop_troop_id` (`gymnastId`,`troopId`) VALUES (20,85);
INSERT INTO `gymnast_troop_troop_id` (`gymnastId`,`troopId`) VALUES (23,85);
INSERT INTO `gymnast_troop_troop_id` (`gymnastId`,`troopId`) VALUES (28,85);
INSERT INTO `gymnast_troop_troop_id` (`gymnastId`,`troopId`) VALUES (29,85);
INSERT INTO `gymnast_troop_troop_id` (`gymnastId`,`troopId`) VALUES (46,85);
INSERT INTO `gymnast_troop_troop_id` (`gymnastId`,`troopId`) VALUES (48,85);
INSERT INTO `gymnast_troop_troop_id` (`gymnastId`,`troopId`) VALUES (50,85);
INSERT INTO `gymnast_troop_troop_id` (`gymnastId`,`troopId`) VALUES (52,85);
INSERT INTO `gymnast_troop_troop_id` (`gymnastId`,`troopId`) VALUES (55,85);
INSERT INTO `gymnast_troop_troop_id` (`gymnastId`,`troopId`) VALUES (58,85);
INSERT INTO `gymnast_troop_troop_id` (`gymnastId`,`troopId`) VALUES (4,86);
INSERT INTO `gymnast_troop_troop_id` (`gymnastId`,`troopId`) VALUES (5,86);
INSERT INTO `gymnast_troop_troop_id` (`gymnastId`,`troopId`) VALUES (6,86);
INSERT INTO `gymnast_troop_troop_id` (`gymnastId`,`troopId`) VALUES (7,86);
INSERT INTO `gymnast_troop_troop_id` (`gymnastId`,`troopId`) VALUES (17,86);
INSERT INTO `gymnast_troop_troop_id` (`gymnastId`,`troopId`) VALUES (22,86);
INSERT INTO `gymnast_troop_troop_id` (`gymnastId`,`troopId`) VALUES (26,86);
INSERT INTO `gymnast_troop_troop_id` (`gymnastId`,`troopId`) VALUES (247,86);
INSERT INTO `gymnast_troop_troop_id` (`gymnastId`,`troopId`) VALUES (4,87);
INSERT INTO `gymnast_troop_troop_id` (`gymnastId`,`troopId`) VALUES (6,87);
INSERT INTO `gymnast_troop_troop_id` (`gymnastId`,`troopId`) VALUES (7,87);
INSERT INTO `gymnast_troop_troop_id` (`gymnastId`,`troopId`) VALUES (8,87);
INSERT INTO `gymnast_troop_troop_id` (`gymnastId`,`troopId`) VALUES (10,87);
INSERT INTO `gymnast_troop_troop_id` (`gymnastId`,`troopId`) VALUES (13,87);
INSERT INTO `gymnast_troop_troop_id` (`gymnastId`,`troopId`) VALUES (17,87);
INSERT INTO `gymnast_troop_troop_id` (`gymnastId`,`troopId`) VALUES (46,87);
INSERT INTO `gymnast_troop_troop_id` (`gymnastId`,`troopId`) VALUES (48,87);
INSERT INTO `gymnast_troop_troop_id` (`gymnastId`,`troopId`) VALUES (3,88);
INSERT INTO `gymnast_troop_troop_id` (`gymnastId`,`troopId`) VALUES (11,88);
INSERT INTO `gymnast_troop_troop_id` (`gymnastId`,`troopId`) VALUES (21,88);
INSERT INTO `gymnast_troop_troop_id` (`gymnastId`,`troopId`) VALUES (51,88);
INSERT INTO `gymnast_troop_troop_id` (`gymnastId`,`troopId`) VALUES (57,88);
INSERT INTO `gymnast_troop_troop_id` (`gymnastId`,`troopId`) VALUES (59,88);
INSERT INTO `gymnast_troop_troop_id` (`gymnastId`,`troopId`) VALUES (61,88);
INSERT INTO `gymnast_troop_troop_id` (`gymnastId`,`troopId`) VALUES (217,89);
INSERT INTO `gymnast_troop_troop_id` (`gymnastId`,`troopId`) VALUES (218,89);
INSERT INTO `gymnast_troop_troop_id` (`gymnastId`,`troopId`) VALUES (219,89);
INSERT INTO `gymnast_troop_troop_id` (`gymnastId`,`troopId`) VALUES (220,89);
INSERT INTO `gymnast_troop_troop_id` (`gymnastId`,`troopId`) VALUES (221,89);
INSERT INTO `gymnast_troop_troop_id` (`gymnastId`,`troopId`) VALUES (222,89);
INSERT INTO `gymnast_troop_troop_id` (`gymnastId`,`troopId`) VALUES (223,90);
INSERT INTO `gymnast_troop_troop_id` (`gymnastId`,`troopId`) VALUES (224,90);
INSERT INTO `gymnast_troop_troop_id` (`gymnastId`,`troopId`) VALUES (225,90);
INSERT INTO `gymnast_troop_troop_id` (`gymnastId`,`troopId`) VALUES (226,90);
INSERT INTO `gymnast_troop_troop_id` (`gymnastId`,`troopId`) VALUES (227,90);
INSERT INTO `gymnast_troop_troop_id` (`gymnastId`,`troopId`) VALUES (228,90);
INSERT INTO `gymnast_troop_troop_id` (`gymnastId`,`troopId`) VALUES (229,91);
INSERT INTO `gymnast_troop_troop_id` (`gymnastId`,`troopId`) VALUES (230,91);
INSERT INTO `gymnast_troop_troop_id` (`gymnastId`,`troopId`) VALUES (231,91);
INSERT INTO `gymnast_troop_troop_id` (`gymnastId`,`troopId`) VALUES (232,91);
INSERT INTO `gymnast_troop_troop_id` (`gymnastId`,`troopId`) VALUES (233,91);
INSERT INTO `gymnast_troop_troop_id` (`gymnastId`,`troopId`) VALUES (234,91);
INSERT INTO `gymnast_troop_troop_id` (`gymnastId`,`troopId`) VALUES (217,93);
INSERT INTO `gymnast_troop_troop_id` (`gymnastId`,`troopId`) VALUES (219,93);
INSERT INTO `gymnast_troop_troop_id` (`gymnastId`,`troopId`) VALUES (221,93);
INSERT INTO `gymnast_troop_troop_id` (`gymnastId`,`troopId`) VALUES (222,93);
INSERT INTO `gymnast_troop_troop_id` (`gymnastId`,`troopId`) VALUES (223,93);
INSERT INTO `gymnast_troop_troop_id` (`gymnastId`,`troopId`) VALUES (224,93);
INSERT INTO `gymnast_troop_troop_id` (`gymnastId`,`troopId`) VALUES (222,94);
INSERT INTO `gymnast_troop_troop_id` (`gymnastId`,`troopId`) VALUES (225,94);
INSERT INTO `gymnast_troop_troop_id` (`gymnastId`,`troopId`) VALUES (226,94);
INSERT INTO `gymnast_troop_troop_id` (`gymnastId`,`troopId`) VALUES (227,94);
INSERT INTO `gymnast_troop_troop_id` (`gymnastId`,`troopId`) VALUES (228,94);
INSERT INTO `gymnast_troop_troop_id` (`gymnastId`,`troopId`) VALUES (230,94);
INSERT INTO `gymnast_troop_troop_id` (`gymnastId`,`troopId`) VALUES (228,95);
INSERT INTO `gymnast_troop_troop_id` (`gymnastId`,`troopId`) VALUES (230,95);
INSERT INTO `gymnast_troop_troop_id` (`gymnastId`,`troopId`) VALUES (231,95);
INSERT INTO `gymnast_troop_troop_id` (`gymnastId`,`troopId`) VALUES (232,95);
INSERT INTO `gymnast_troop_troop_id` (`gymnastId`,`troopId`) VALUES (233,95);
INSERT INTO `gymnast_troop_troop_id` (`gymnastId`,`troopId`) VALUES (234,95);
INSERT INTO `gymnast_troop_troop_id` (`gymnastId`,`troopId`) VALUES (250,96);
INSERT INTO `gymnast_troop_troop_id` (`gymnastId`,`troopId`) VALUES (251,96);
INSERT INTO `gymnast_troop_troop_id` (`gymnastId`,`troopId`) VALUES (253,96);
INSERT INTO `gymnast_troop_troop_id` (`gymnastId`,`troopId`) VALUES (255,96);
INSERT INTO `gymnast_troop_troop_id` (`gymnastId`,`troopId`) VALUES (260,96);
INSERT INTO `gymnast_troop_troop_id` (`gymnastId`,`troopId`) VALUES (261,96);
INSERT INTO `gymnast_troop_troop_id` (`gymnastId`,`troopId`) VALUES (263,96);
INSERT INTO `gymnast_troop_troop_id` (`gymnastId`,`troopId`) VALUES (264,96);
INSERT INTO `gymnast_troop_troop_id` (`gymnastId`,`troopId`) VALUES (250,97);
INSERT INTO `gymnast_troop_troop_id` (`gymnastId`,`troopId`) VALUES (251,97);
INSERT INTO `gymnast_troop_troop_id` (`gymnastId`,`troopId`) VALUES (252,97);
INSERT INTO `gymnast_troop_troop_id` (`gymnastId`,`troopId`) VALUES (253,97);
INSERT INTO `gymnast_troop_troop_id` (`gymnastId`,`troopId`) VALUES (254,97);
INSERT INTO `gymnast_troop_troop_id` (`gymnastId`,`troopId`) VALUES (255,97);
INSERT INTO `gymnast_troop_troop_id` (`gymnastId`,`troopId`) VALUES (259,98);
INSERT INTO `gymnast_troop_troop_id` (`gymnastId`,`troopId`) VALUES (260,98);
INSERT INTO `gymnast_troop_troop_id` (`gymnastId`,`troopId`) VALUES (262,98);
INSERT INTO `gymnast_troop_troop_id` (`gymnastId`,`troopId`) VALUES (263,98);
INSERT INTO `gymnast_troop_troop_id` (`gymnastId`,`troopId`) VALUES (264,98);
INSERT INTO `gymnast_troop_troop_id` (`gymnastId`,`troopId`) VALUES (265,98);
INSERT INTO `gymnast_troop_troop_id` (`gymnastId`,`troopId`) VALUES (266,98);
INSERT INTO `gymnast_troop_troop_id` (`gymnastId`,`troopId`) VALUES (250,99);
INSERT INTO `gymnast_troop_troop_id` (`gymnastId`,`troopId`) VALUES (251,99);
INSERT INTO `gymnast_troop_troop_id` (`gymnastId`,`troopId`) VALUES (252,99);
INSERT INTO `gymnast_troop_troop_id` (`gymnastId`,`troopId`) VALUES (253,99);
INSERT INTO `gymnast_troop_troop_id` (`gymnastId`,`troopId`) VALUES (254,99);
INSERT INTO `gymnast_troop_troop_id` (`gymnastId`,`troopId`) VALUES (256,99);
INSERT INTO `gymnast_troop_troop_id` (`gymnastId`,`troopId`) VALUES (272,100);
INSERT INTO `gymnast_troop_troop_id` (`gymnastId`,`troopId`) VALUES (273,100);
INSERT INTO `gymnast_troop_troop_id` (`gymnastId`,`troopId`) VALUES (274,100);
INSERT INTO `gymnast_troop_troop_id` (`gymnastId`,`troopId`) VALUES (275,100);
INSERT INTO `gymnast_troop_troop_id` (`gymnastId`,`troopId`) VALUES (276,100);
INSERT INTO `gymnast_troop_troop_id` (`gymnastId`,`troopId`) VALUES (277,100);
INSERT INTO `gymnast_troop_troop_id` (`gymnastId`,`troopId`) VALUES (79,101);
INSERT INTO `gymnast_troop_troop_id` (`gymnastId`,`troopId`) VALUES (80,101);
INSERT INTO `gymnast_troop_troop_id` (`gymnastId`,`troopId`) VALUES (81,101);
INSERT INTO `gymnast_troop_troop_id` (`gymnastId`,`troopId`) VALUES (82,101);
INSERT INTO `gymnast_troop_troop_id` (`gymnastId`,`troopId`) VALUES (84,101);
INSERT INTO `gymnast_troop_troop_id` (`gymnastId`,`troopId`) VALUES (89,101);
INSERT INTO `gymnast_troop_troop_id` (`gymnastId`,`troopId`) VALUES (90,101);
INSERT INTO `gymnast_troop_troop_id` (`gymnastId`,`troopId`) VALUES (198,102);
INSERT INTO `gymnast_troop_troop_id` (`gymnastId`,`troopId`) VALUES (200,102);
INSERT INTO `gymnast_troop_troop_id` (`gymnastId`,`troopId`) VALUES (204,102);
INSERT INTO `gymnast_troop_troop_id` (`gymnastId`,`troopId`) VALUES (215,102);
INSERT INTO `gymnast_troop_troop_id` (`gymnastId`,`troopId`) VALUES (216,102);

-- INSERT INTO `judge` (`id`,`name`,`email`,`phone`,`allergies`) VALUES (1,'System',NULL,NULL,NULL);
INSERT INTO `judge` (`id`,`name`,`email`,`phone`,`allergies`) VALUES (2,'Silje Dueland',NULL,NULL,NULL);
INSERT INTO `judge` (`id`,`name`,`email`,`phone`,`allergies`) VALUES (3,'Lovise',NULL,NULL,NULL);
INSERT INTO `judge` (`id`,`name`,`email`,`phone`,`allergies`) VALUES (4,'Elisabeth',NULL,NULL,NULL);
INSERT INTO `judge` (`id`,`name`,`email`,`phone`,`allergies`) VALUES (5,'Tone Bergsalgel',NULL,NULL,NULL);
INSERT INTO `judge` (`id`,`name`,`email`,`phone`,`allergies`) VALUES (6,'Hege',NULL,NULL,NULL);
INSERT INTO `judge` (`id`,`name`,`email`,`phone`,`allergies`) VALUES (7,'Petter',NULL,NULL,NULL);
INSERT INTO `judge` (`id`,`name`,`email`,`phone`,`allergies`) VALUES (8,'Tone Brede',NULL,NULL,NULL);



INSERT INTO `score` (`id`,`value`,`updated`,`judgeIndex`,`scoreGroupId`,`participantId`) VALUES (1,2.2,'2018-03-18 12:13:37.645',1,13,225);
INSERT INTO `score` (`id`,`value`,`updated`,`judgeIndex`,`scoreGroupId`,`participantId`) VALUES (2,2.2,'2018-03-18 12:13:37.646',2,13,225);
INSERT INTO `score` (`id`,`value`,`updated`,`judgeIndex`,`scoreGroupId`,`participantId`) VALUES (3,3.5,'2018-03-18 12:13:37.646',1,15,225);
INSERT INTO `score` (`id`,`value`,`updated`,`judgeIndex`,`scoreGroupId`,`participantId`) VALUES (4,3.5,'2018-03-18 12:13:37.646',2,15,225);
INSERT INTO `score` (`id`,`value`,`updated`,`judgeIndex`,`scoreGroupId`,`participantId`) VALUES (5,3.75,'2018-03-18 12:13:37.646',1,14,225);
INSERT INTO `score` (`id`,`value`,`updated`,`judgeIndex`,`scoreGroupId`,`participantId`) VALUES (6,3.75,'2018-03-18 12:13:37.646',2,14,225);
INSERT INTO `score` (`id`,`value`,`updated`,`judgeIndex`,`scoreGroupId`,`participantId`) VALUES (7,3.75,'2018-03-18 12:13:37.646',3,14,225);
INSERT INTO `score` (`id`,`value`,`updated`,`judgeIndex`,`scoreGroupId`,`participantId`) VALUES (8,0,'2018-03-18 12:13:37.646',1,16,225);
INSERT INTO `score` (`id`,`value`,`updated`,`judgeIndex`,`scoreGroupId`,`participantId`) VALUES (9,3.6,'2018-03-18 12:15:22.451',1,13,228);
INSERT INTO `score` (`id`,`value`,`updated`,`judgeIndex`,`scoreGroupId`,`participantId`) VALUES (10,3.6,'2018-03-18 12:15:22.451',2,13,228);
INSERT INTO `score` (`id`,`value`,`updated`,`judgeIndex`,`scoreGroupId`,`participantId`) VALUES (11,4.7,'2018-03-18 12:15:22.451',1,15,228);
INSERT INTO `score` (`id`,`value`,`updated`,`judgeIndex`,`scoreGroupId`,`participantId`) VALUES (12,4.7,'2018-03-18 12:15:22.452',2,15,228);
INSERT INTO `score` (`id`,`value`,`updated`,`judgeIndex`,`scoreGroupId`,`participantId`) VALUES (13,7.1,'2018-03-18 12:15:22.452',1,14,228);
INSERT INTO `score` (`id`,`value`,`updated`,`judgeIndex`,`scoreGroupId`,`participantId`) VALUES (14,7.1,'2018-03-18 12:15:22.452',2,14,228);
INSERT INTO `score` (`id`,`value`,`updated`,`judgeIndex`,`scoreGroupId`,`participantId`) VALUES (15,7.1,'2018-03-18 12:15:22.452',3,14,228);
INSERT INTO `score` (`id`,`value`,`updated`,`judgeIndex`,`scoreGroupId`,`participantId`) VALUES (16,0,'2018-03-18 12:15:22.452',1,16,228);
INSERT INTO `score` (`id`,`value`,`updated`,`judgeIndex`,`scoreGroupId`,`participantId`) VALUES (17,3.6,'2018-03-18 12:16:38.924',1,13,228);
INSERT INTO `score` (`id`,`value`,`updated`,`judgeIndex`,`scoreGroupId`,`participantId`) VALUES (18,3.6,'2018-03-18 12:16:38.924',2,13,228);
INSERT INTO `score` (`id`,`value`,`updated`,`judgeIndex`,`scoreGroupId`,`participantId`) VALUES (19,4.7,'2018-03-18 12:16:38.924',1,15,228);
INSERT INTO `score` (`id`,`value`,`updated`,`judgeIndex`,`scoreGroupId`,`participantId`) VALUES (20,4.7,'2018-03-18 12:16:38.924',2,15,228);
INSERT INTO `score` (`id`,`value`,`updated`,`judgeIndex`,`scoreGroupId`,`participantId`) VALUES (21,7.1,'2018-03-18 12:16:38.924',1,14,228);
INSERT INTO `score` (`id`,`value`,`updated`,`judgeIndex`,`scoreGroupId`,`participantId`) VALUES (22,7.1,'2018-03-18 12:16:38.924',2,14,228);
INSERT INTO `score` (`id`,`value`,`updated`,`judgeIndex`,`scoreGroupId`,`participantId`) VALUES (23,7.1,'2018-03-18 12:16:38.924',3,14,228);
INSERT INTO `score` (`id`,`value`,`updated`,`judgeIndex`,`scoreGroupId`,`participantId`) VALUES (24,0,'2018-03-18 12:16:38.925',1,16,228);
INSERT INTO `score` (`id`,`value`,`updated`,`judgeIndex`,`scoreGroupId`,`participantId`) VALUES (25,3.8,'2018-03-18 12:25:11.927',1,13,320);
INSERT INTO `score` (`id`,`value`,`updated`,`judgeIndex`,`scoreGroupId`,`participantId`) VALUES (26,3.8,'2018-03-18 12:25:11.928',2,13,320);
INSERT INTO `score` (`id`,`value`,`updated`,`judgeIndex`,`scoreGroupId`,`participantId`) VALUES (27,6,'2018-03-18 12:25:11.928',1,15,320);
INSERT INTO `score` (`id`,`value`,`updated`,`judgeIndex`,`scoreGroupId`,`participantId`) VALUES (28,6,'2018-03-18 12:25:11.928',2,15,320);
INSERT INTO `score` (`id`,`value`,`updated`,`judgeIndex`,`scoreGroupId`,`participantId`) VALUES (29,5.75,'2018-03-18 12:25:11.928',1,14,320);
INSERT INTO `score` (`id`,`value`,`updated`,`judgeIndex`,`scoreGroupId`,`participantId`) VALUES (30,5.75,'2018-03-18 12:25:11.928',2,14,320);
INSERT INTO `score` (`id`,`value`,`updated`,`judgeIndex`,`scoreGroupId`,`participantId`) VALUES (31,5.75,'2018-03-18 12:25:11.928',3,14,320);
INSERT INTO `score` (`id`,`value`,`updated`,`judgeIndex`,`scoreGroupId`,`participantId`) VALUES (32,0,'2018-03-18 12:25:11.928',1,16,320);
INSERT INTO `score` (`id`,`value`,`updated`,`judgeIndex`,`scoreGroupId`,`participantId`) VALUES (33,2.6,'2018-03-18 12:25:51.464',1,13,251);
INSERT INTO `score` (`id`,`value`,`updated`,`judgeIndex`,`scoreGroupId`,`participantId`) VALUES (34,2.6,'2018-03-18 12:25:51.464',2,13,251);
INSERT INTO `score` (`id`,`value`,`updated`,`judgeIndex`,`scoreGroupId`,`participantId`) VALUES (35,0.2,'2018-03-18 12:25:51.464',1,15,251);
INSERT INTO `score` (`id`,`value`,`updated`,`judgeIndex`,`scoreGroupId`,`participantId`) VALUES (36,0.2,'2018-03-18 12:25:51.464',2,15,251);
INSERT INTO `score` (`id`,`value`,`updated`,`judgeIndex`,`scoreGroupId`,`participantId`) VALUES (37,2.75,'2018-03-18 12:25:51.464',1,14,251);
INSERT INTO `score` (`id`,`value`,`updated`,`judgeIndex`,`scoreGroupId`,`participantId`) VALUES (38,2.75,'2018-03-18 12:25:51.464',2,14,251);
INSERT INTO `score` (`id`,`value`,`updated`,`judgeIndex`,`scoreGroupId`,`participantId`) VALUES (39,2.75,'2018-03-18 12:25:51.464',3,14,251);
INSERT INTO `score` (`id`,`value`,`updated`,`judgeIndex`,`scoreGroupId`,`participantId`) VALUES (40,0,'2018-03-18 12:25:51.465',1,16,251);
INSERT INTO `score` (`id`,`value`,`updated`,`judgeIndex`,`scoreGroupId`,`participantId`) VALUES (41,4,'2018-03-18 12:34:07.141',1,13,325);
INSERT INTO `score` (`id`,`value`,`updated`,`judgeIndex`,`scoreGroupId`,`participantId`) VALUES (42,4,'2018-03-18 12:34:07.141',2,13,325);
INSERT INTO `score` (`id`,`value`,`updated`,`judgeIndex`,`scoreGroupId`,`participantId`) VALUES (43,4.8,'2018-03-18 12:34:07.141',1,15,325);
INSERT INTO `score` (`id`,`value`,`updated`,`judgeIndex`,`scoreGroupId`,`participantId`) VALUES (44,4.8,'2018-03-18 12:34:07.141',2,15,325);
INSERT INTO `score` (`id`,`value`,`updated`,`judgeIndex`,`scoreGroupId`,`participantId`) VALUES (45,7.3,'2018-03-18 12:34:07.141',1,14,325);
INSERT INTO `score` (`id`,`value`,`updated`,`judgeIndex`,`scoreGroupId`,`participantId`) VALUES (46,7.3,'2018-03-18 12:34:07.141',2,14,325);
INSERT INTO `score` (`id`,`value`,`updated`,`judgeIndex`,`scoreGroupId`,`participantId`) VALUES (47,7.3,'2018-03-18 12:34:07.141',3,14,325);
INSERT INTO `score` (`id`,`value`,`updated`,`judgeIndex`,`scoreGroupId`,`participantId`) VALUES (48,0,'2018-03-18 12:34:07.141',1,16,325);
INSERT INTO `score` (`id`,`value`,`updated`,`judgeIndex`,`scoreGroupId`,`participantId`) VALUES (49,3.8,'2018-03-18 12:38:37.517',1,13,238);
INSERT INTO `score` (`id`,`value`,`updated`,`judgeIndex`,`scoreGroupId`,`participantId`) VALUES (50,3.8,'2018-03-18 12:38:37.518',2,13,238);
INSERT INTO `score` (`id`,`value`,`updated`,`judgeIndex`,`scoreGroupId`,`participantId`) VALUES (51,6.3,'2018-03-18 12:38:37.518',1,15,238);
INSERT INTO `score` (`id`,`value`,`updated`,`judgeIndex`,`scoreGroupId`,`participantId`) VALUES (52,6.3,'2018-03-18 12:38:37.518',2,15,238);
INSERT INTO `score` (`id`,`value`,`updated`,`judgeIndex`,`scoreGroupId`,`participantId`) VALUES (53,7.2,'2018-03-18 12:38:37.518',1,14,238);
INSERT INTO `score` (`id`,`value`,`updated`,`judgeIndex`,`scoreGroupId`,`participantId`) VALUES (54,7.2,'2018-03-18 12:38:37.518',2,14,238);
INSERT INTO `score` (`id`,`value`,`updated`,`judgeIndex`,`scoreGroupId`,`participantId`) VALUES (55,7.2,'2018-03-18 12:38:37.518',3,14,238);
INSERT INTO `score` (`id`,`value`,`updated`,`judgeIndex`,`scoreGroupId`,`participantId`) VALUES (56,0,'2018-03-18 12:38:37.518',1,16,238);
INSERT INTO `score` (`id`,`value`,`updated`,`judgeIndex`,`scoreGroupId`,`participantId`) VALUES (57,3.6,'2018-03-18 12:41:58.930',1,13,322);
INSERT INTO `score` (`id`,`value`,`updated`,`judgeIndex`,`scoreGroupId`,`participantId`) VALUES (58,3.6,'2018-03-18 12:41:58.931',2,13,322);
INSERT INTO `score` (`id`,`value`,`updated`,`judgeIndex`,`scoreGroupId`,`participantId`) VALUES (59,2.8,'2018-03-18 12:41:58.931',1,15,322);
INSERT INTO `score` (`id`,`value`,`updated`,`judgeIndex`,`scoreGroupId`,`participantId`) VALUES (60,2.8,'2018-03-18 12:41:58.931',2,15,322);
INSERT INTO `score` (`id`,`value`,`updated`,`judgeIndex`,`scoreGroupId`,`participantId`) VALUES (61,6.1,'2018-03-18 12:41:58.931',1,14,322);
INSERT INTO `score` (`id`,`value`,`updated`,`judgeIndex`,`scoreGroupId`,`participantId`) VALUES (62,6.1,'2018-03-18 12:41:58.931',2,14,322);
INSERT INTO `score` (`id`,`value`,`updated`,`judgeIndex`,`scoreGroupId`,`participantId`) VALUES (63,6.1,'2018-03-18 12:41:58.931',3,14,322);
INSERT INTO `score` (`id`,`value`,`updated`,`judgeIndex`,`scoreGroupId`,`participantId`) VALUES (64,0,'2018-03-18 12:41:58.931',1,16,322);
INSERT INTO `score` (`id`,`value`,`updated`,`judgeIndex`,`scoreGroupId`,`participantId`) VALUES (65,4,'2018-03-18 12:59:16.755',1,13,297);
INSERT INTO `score` (`id`,`value`,`updated`,`judgeIndex`,`scoreGroupId`,`participantId`) VALUES (66,4,'2018-03-18 12:59:16.755',2,13,297);
INSERT INTO `score` (`id`,`value`,`updated`,`judgeIndex`,`scoreGroupId`,`participantId`) VALUES (67,4.8,'2018-03-18 12:59:16.756',1,15,297);
INSERT INTO `score` (`id`,`value`,`updated`,`judgeIndex`,`scoreGroupId`,`participantId`) VALUES (68,4.8,'2018-03-18 12:59:16.756',2,15,297);
INSERT INTO `score` (`id`,`value`,`updated`,`judgeIndex`,`scoreGroupId`,`participantId`) VALUES (69,7.3,'2018-03-18 12:59:16.756',1,14,297);
INSERT INTO `score` (`id`,`value`,`updated`,`judgeIndex`,`scoreGroupId`,`participantId`) VALUES (70,7.3,'2018-03-18 12:59:16.756',2,14,297);
INSERT INTO `score` (`id`,`value`,`updated`,`judgeIndex`,`scoreGroupId`,`participantId`) VALUES (71,7.3,'2018-03-18 12:59:16.756',3,14,297);
INSERT INTO `score` (`id`,`value`,`updated`,`judgeIndex`,`scoreGroupId`,`participantId`) VALUES (72,0,'2018-03-18 12:59:16.756',1,16,297);
INSERT INTO `score` (`id`,`value`,`updated`,`judgeIndex`,`scoreGroupId`,`participantId`) VALUES (73,1.3,'2018-03-18 13:00:13.720',1,17,265);
INSERT INTO `score` (`id`,`value`,`updated`,`judgeIndex`,`scoreGroupId`,`participantId`) VALUES (74,2.35,'2018-03-18 13:00:13.720',1,19,265);
INSERT INTO `score` (`id`,`value`,`updated`,`judgeIndex`,`scoreGroupId`,`participantId`) VALUES (75,5.85,'2018-03-18 13:00:13.720',1,18,265);
INSERT INTO `score` (`id`,`value`,`updated`,`judgeIndex`,`scoreGroupId`,`participantId`) VALUES (76,5.85,'2018-03-18 13:00:13.720',2,18,265);
INSERT INTO `score` (`id`,`value`,`updated`,`judgeIndex`,`scoreGroupId`,`participantId`) VALUES (77,0,'2018-03-18 13:00:13.720',1,20,265);
INSERT INTO `score` (`id`,`value`,`updated`,`judgeIndex`,`scoreGroupId`,`participantId`) VALUES (78,1.2,'2018-03-18 13:01:14.789',1,21,258);
INSERT INTO `score` (`id`,`value`,`updated`,`judgeIndex`,`scoreGroupId`,`participantId`) VALUES (79,1.2,'2018-03-18 13:01:14.789',2,21,258);
INSERT INTO `score` (`id`,`value`,`updated`,`judgeIndex`,`scoreGroupId`,`participantId`) VALUES (80,2.6,'2018-03-18 13:01:14.789',1,23,258);
INSERT INTO `score` (`id`,`value`,`updated`,`judgeIndex`,`scoreGroupId`,`participantId`) VALUES (81,2.6,'2018-03-18 13:01:14.789',2,23,258);
INSERT INTO `score` (`id`,`value`,`updated`,`judgeIndex`,`scoreGroupId`,`participantId`) VALUES (82,7.6,'2018-03-18 13:01:14.789',1,22,258);
INSERT INTO `score` (`id`,`value`,`updated`,`judgeIndex`,`scoreGroupId`,`participantId`) VALUES (83,7.6,'2018-03-18 13:01:14.789',2,22,258);
INSERT INTO `score` (`id`,`value`,`updated`,`judgeIndex`,`scoreGroupId`,`participantId`) VALUES (84,0,'2018-03-18 13:01:14.789',1,24,258);
INSERT INTO `score` (`id`,`value`,`updated`,`judgeIndex`,`scoreGroupId`,`participantId`) VALUES (85,1.3,'2018-03-18 13:05:54.393',1,17,309);
INSERT INTO `score` (`id`,`value`,`updated`,`judgeIndex`,`scoreGroupId`,`participantId`) VALUES (86,1.55,'2018-03-18 13:05:54.393',1,19,309);
INSERT INTO `score` (`id`,`value`,`updated`,`judgeIndex`,`scoreGroupId`,`participantId`) VALUES (87,5.35,'2018-03-18 13:05:54.393',1,18,309);
INSERT INTO `score` (`id`,`value`,`updated`,`judgeIndex`,`scoreGroupId`,`participantId`) VALUES (88,5.35,'2018-03-18 13:05:54.393',2,18,309);
INSERT INTO `score` (`id`,`value`,`updated`,`judgeIndex`,`scoreGroupId`,`participantId`) VALUES (89,0,'2018-03-18 13:05:54.393',1,20,309);
INSERT INTO `score` (`id`,`value`,`updated`,`judgeIndex`,`scoreGroupId`,`participantId`) VALUES (90,0.4,'2018-03-18 13:06:37.026',1,21,264);
INSERT INTO `score` (`id`,`value`,`updated`,`judgeIndex`,`scoreGroupId`,`participantId`) VALUES (91,0.4,'2018-03-18 13:06:37.026',2,21,264);
INSERT INTO `score` (`id`,`value`,`updated`,`judgeIndex`,`scoreGroupId`,`participantId`) VALUES (92,1.8,'2018-03-18 13:06:37.026',1,23,264);
INSERT INTO `score` (`id`,`value`,`updated`,`judgeIndex`,`scoreGroupId`,`participantId`) VALUES (93,1.8,'2018-03-18 13:06:37.026',2,23,264);
INSERT INTO `score` (`id`,`value`,`updated`,`judgeIndex`,`scoreGroupId`,`participantId`) VALUES (94,6.75,'2018-03-18 13:06:37.027',1,22,264);
INSERT INTO `score` (`id`,`value`,`updated`,`judgeIndex`,`scoreGroupId`,`participantId`) VALUES (95,6.75,'2018-03-18 13:06:37.027',2,22,264);
INSERT INTO `score` (`id`,`value`,`updated`,`judgeIndex`,`scoreGroupId`,`participantId`) VALUES (96,0,'2018-03-18 13:06:37.027',1,24,264);
INSERT INTO `score` (`id`,`value`,`updated`,`judgeIndex`,`scoreGroupId`,`participantId`) VALUES (97,1.1,'2018-03-18 13:12:26.226',1,17,267);
INSERT INTO `score` (`id`,`value`,`updated`,`judgeIndex`,`scoreGroupId`,`participantId`) VALUES (98,0.9,'2018-03-18 13:12:26.226',1,19,267);
INSERT INTO `score` (`id`,`value`,`updated`,`judgeIndex`,`scoreGroupId`,`participantId`) VALUES (99,4.25,'2018-03-18 13:12:26.226',1,18,267);
INSERT INTO `score` (`id`,`value`,`updated`,`judgeIndex`,`scoreGroupId`,`participantId`) VALUES (100,4.25,'2018-03-18 13:12:26.226',2,18,267);
INSERT INTO `score` (`id`,`value`,`updated`,`judgeIndex`,`scoreGroupId`,`participantId`) VALUES (101,0,'2018-03-18 13:12:26.226',1,20,267);
INSERT INTO `score` (`id`,`value`,`updated`,`judgeIndex`,`scoreGroupId`,`participantId`) VALUES (102,1.1,'2018-03-18 13:14:05.611',1,17,267);
INSERT INTO `score` (`id`,`value`,`updated`,`judgeIndex`,`scoreGroupId`,`participantId`) VALUES (103,0.9,'2018-03-18 13:14:05.612',1,19,267);
INSERT INTO `score` (`id`,`value`,`updated`,`judgeIndex`,`scoreGroupId`,`participantId`) VALUES (104,4.25,'2018-03-18 13:14:05.612',1,18,267);
INSERT INTO `score` (`id`,`value`,`updated`,`judgeIndex`,`scoreGroupId`,`participantId`) VALUES (105,4.25,'2018-03-18 13:14:05.612',2,18,267);
INSERT INTO `score` (`id`,`value`,`updated`,`judgeIndex`,`scoreGroupId`,`participantId`) VALUES (106,0,'2018-03-18 13:14:05.612',1,20,267);
INSERT INTO `score` (`id`,`value`,`updated`,`judgeIndex`,`scoreGroupId`,`participantId`) VALUES (107,1.3,'2018-03-18 13:16:42.290',1,17,256);
INSERT INTO `score` (`id`,`value`,`updated`,`judgeIndex`,`scoreGroupId`,`participantId`) VALUES (108,2.55,'2018-03-18 13:16:42.290',1,19,256);
INSERT INTO `score` (`id`,`value`,`updated`,`judgeIndex`,`scoreGroupId`,`participantId`) VALUES (109,6.9,'2018-03-18 13:16:42.290',1,18,256);
INSERT INTO `score` (`id`,`value`,`updated`,`judgeIndex`,`scoreGroupId`,`participantId`) VALUES (110,6.9,'2018-03-18 13:16:42.290',2,18,256);
INSERT INTO `score` (`id`,`value`,`updated`,`judgeIndex`,`scoreGroupId`,`participantId`) VALUES (111,0,'2018-03-18 13:16:42.290',1,20,256);
INSERT INTO `score` (`id`,`value`,`updated`,`judgeIndex`,`scoreGroupId`,`participantId`) VALUES (112,0,'2018-03-18 13:24:07.623',1,21,284);
INSERT INTO `score` (`id`,`value`,`updated`,`judgeIndex`,`scoreGroupId`,`participantId`) VALUES (113,0,'2018-03-18 13:24:07.624',2,21,284);
INSERT INTO `score` (`id`,`value`,`updated`,`judgeIndex`,`scoreGroupId`,`participantId`) VALUES (114,0,'2018-03-18 13:24:07.624',1,23,284);
INSERT INTO `score` (`id`,`value`,`updated`,`judgeIndex`,`scoreGroupId`,`participantId`) VALUES (115,0,'2018-03-18 13:24:07.624',2,23,284);
INSERT INTO `score` (`id`,`value`,`updated`,`judgeIndex`,`scoreGroupId`,`participantId`) VALUES (116,0,'2018-03-18 13:24:07.624',1,22,284);
INSERT INTO `score` (`id`,`value`,`updated`,`judgeIndex`,`scoreGroupId`,`participantId`) VALUES (117,0,'2018-03-18 13:24:07.624',2,22,284);
INSERT INTO `score` (`id`,`value`,`updated`,`judgeIndex`,`scoreGroupId`,`participantId`) VALUES (118,0,'2018-03-18 13:24:07.625',1,24,284);
INSERT INTO `score` (`id`,`value`,`updated`,`judgeIndex`,`scoreGroupId`,`participantId`) VALUES (119,1,'2018-03-18 13:20:38.790',1,17,259);
INSERT INTO `score` (`id`,`value`,`updated`,`judgeIndex`,`scoreGroupId`,`participantId`) VALUES (120,2,'2018-03-18 13:20:38.790',1,19,259);
INSERT INTO `score` (`id`,`value`,`updated`,`judgeIndex`,`scoreGroupId`,`participantId`) VALUES (121,7.35,'2018-03-18 13:20:38.790',1,18,259);
INSERT INTO `score` (`id`,`value`,`updated`,`judgeIndex`,`scoreGroupId`,`participantId`) VALUES (122,7.35,'2018-03-18 13:20:38.790',2,18,259);
INSERT INTO `score` (`id`,`value`,`updated`,`judgeIndex`,`scoreGroupId`,`participantId`) VALUES (123,0,'2018-03-18 13:20:38.790',1,20,259);
INSERT INTO `score` (`id`,`value`,`updated`,`judgeIndex`,`scoreGroupId`,`participantId`) VALUES (124,1.4,'2018-03-18 13:24:19.577',1,17,271);
INSERT INTO `score` (`id`,`value`,`updated`,`judgeIndex`,`scoreGroupId`,`participantId`) VALUES (125,1.9,'2018-03-18 13:24:19.577',1,19,271);
INSERT INTO `score` (`id`,`value`,`updated`,`judgeIndex`,`scoreGroupId`,`participantId`) VALUES (126,7,'2018-03-18 13:24:19.577',1,18,271);
INSERT INTO `score` (`id`,`value`,`updated`,`judgeIndex`,`scoreGroupId`,`participantId`) VALUES (127,7,'2018-03-18 13:24:19.577',2,18,271);
INSERT INTO `score` (`id`,`value`,`updated`,`judgeIndex`,`scoreGroupId`,`participantId`) VALUES (128,0,'2018-03-18 13:24:19.577',1,20,271);
INSERT INTO `score` (`id`,`value`,`updated`,`judgeIndex`,`scoreGroupId`,`participantId`) VALUES (129,0.2,'2018-03-18 13:24:29.521',1,21,311);
INSERT INTO `score` (`id`,`value`,`updated`,`judgeIndex`,`scoreGroupId`,`participantId`) VALUES (130,0.2,'2018-03-18 13:24:29.521',2,21,311);
INSERT INTO `score` (`id`,`value`,`updated`,`judgeIndex`,`scoreGroupId`,`participantId`) VALUES (131,1.5,'2018-03-18 13:24:29.521',1,23,311);
INSERT INTO `score` (`id`,`value`,`updated`,`judgeIndex`,`scoreGroupId`,`participantId`) VALUES (132,1.5,'2018-03-18 13:24:29.521',2,23,311);
INSERT INTO `score` (`id`,`value`,`updated`,`judgeIndex`,`scoreGroupId`,`participantId`) VALUES (133,6.75,'2018-03-18 13:24:29.521',1,22,311);
INSERT INTO `score` (`id`,`value`,`updated`,`judgeIndex`,`scoreGroupId`,`participantId`) VALUES (134,6.75,'2018-03-18 13:24:29.521',2,22,311);
INSERT INTO `score` (`id`,`value`,`updated`,`judgeIndex`,`scoreGroupId`,`participantId`) VALUES (135,0,'2018-03-18 13:24:29.522',1,24,311);
INSERT INTO `score` (`id`,`value`,`updated`,`judgeIndex`,`scoreGroupId`,`participantId`) VALUES (136,0,'2018-03-18 13:26:22.653',1,21,280);
INSERT INTO `score` (`id`,`value`,`updated`,`judgeIndex`,`scoreGroupId`,`participantId`) VALUES (137,0,'2018-03-18 13:26:22.653',2,21,280);
INSERT INTO `score` (`id`,`value`,`updated`,`judgeIndex`,`scoreGroupId`,`participantId`) VALUES (138,1.7,'2018-03-18 13:26:22.653',1,23,280);
INSERT INTO `score` (`id`,`value`,`updated`,`judgeIndex`,`scoreGroupId`,`participantId`) VALUES (139,1.7,'2018-03-18 13:26:22.653',2,23,280);
INSERT INTO `score` (`id`,`value`,`updated`,`judgeIndex`,`scoreGroupId`,`participantId`) VALUES (140,4.45,'2018-03-18 13:26:22.653',1,22,280);
INSERT INTO `score` (`id`,`value`,`updated`,`judgeIndex`,`scoreGroupId`,`participantId`) VALUES (141,4.45,'2018-03-18 13:26:22.653',2,22,280);
INSERT INTO `score` (`id`,`value`,`updated`,`judgeIndex`,`scoreGroupId`,`participantId`) VALUES (142,0,'2018-03-18 13:26:22.653',1,24,280);
INSERT INTO `score` (`id`,`value`,`updated`,`judgeIndex`,`scoreGroupId`,`participantId`) VALUES (143,0,'2018-03-18 13:29:23.808',1,21,266);
INSERT INTO `score` (`id`,`value`,`updated`,`judgeIndex`,`scoreGroupId`,`participantId`) VALUES (144,0,'2018-03-18 13:29:23.808',2,21,266);
INSERT INTO `score` (`id`,`value`,`updated`,`judgeIndex`,`scoreGroupId`,`participantId`) VALUES (145,1,'2018-03-18 13:29:23.808',1,23,266);
INSERT INTO `score` (`id`,`value`,`updated`,`judgeIndex`,`scoreGroupId`,`participantId`) VALUES (146,1,'2018-03-18 13:29:23.808',2,23,266);
INSERT INTO `score` (`id`,`value`,`updated`,`judgeIndex`,`scoreGroupId`,`participantId`) VALUES (147,4.05,'2018-03-18 13:29:23.808',1,22,266);
INSERT INTO `score` (`id`,`value`,`updated`,`judgeIndex`,`scoreGroupId`,`participantId`) VALUES (148,4.05,'2018-03-18 13:29:23.808',2,22,266);
INSERT INTO `score` (`id`,`value`,`updated`,`judgeIndex`,`scoreGroupId`,`participantId`) VALUES (149,0,'2018-03-18 13:29:23.808',1,24,266);
INSERT INTO `score` (`id`,`value`,`updated`,`judgeIndex`,`scoreGroupId`,`participantId`) VALUES (150,2,'2018-03-18 13:31:00.943',1,17,254);
INSERT INTO `score` (`id`,`value`,`updated`,`judgeIndex`,`scoreGroupId`,`participantId`) VALUES (151,2.7,'2018-03-18 13:31:00.943',1,19,254);
INSERT INTO `score` (`id`,`value`,`updated`,`judgeIndex`,`scoreGroupId`,`participantId`) VALUES (152,6.2,'2018-03-18 13:31:00.943',1,18,254);
INSERT INTO `score` (`id`,`value`,`updated`,`judgeIndex`,`scoreGroupId`,`participantId`) VALUES (153,6.2,'2018-03-18 13:31:00.943',2,18,254);
INSERT INTO `score` (`id`,`value`,`updated`,`judgeIndex`,`scoreGroupId`,`participantId`) VALUES (154,0,'2018-03-18 13:31:00.943',1,20,254);
INSERT INTO `score` (`id`,`value`,`updated`,`judgeIndex`,`scoreGroupId`,`participantId`) VALUES (155,0.6,'2018-03-18 13:34:40.714',1,21,257);
INSERT INTO `score` (`id`,`value`,`updated`,`judgeIndex`,`scoreGroupId`,`participantId`) VALUES (156,0.6,'2018-03-18 13:34:40.715',2,21,257);
INSERT INTO `score` (`id`,`value`,`updated`,`judgeIndex`,`scoreGroupId`,`participantId`) VALUES (157,2.3,'2018-03-18 13:34:40.715',1,23,257);
INSERT INTO `score` (`id`,`value`,`updated`,`judgeIndex`,`scoreGroupId`,`participantId`) VALUES (158,2.3,'2018-03-18 13:34:40.715',2,23,257);
INSERT INTO `score` (`id`,`value`,`updated`,`judgeIndex`,`scoreGroupId`,`participantId`) VALUES (159,7.8,'2018-03-18 13:34:40.715',1,22,257);
INSERT INTO `score` (`id`,`value`,`updated`,`judgeIndex`,`scoreGroupId`,`participantId`) VALUES (160,7.8,'2018-03-18 13:34:40.715',2,22,257);
INSERT INTO `score` (`id`,`value`,`updated`,`judgeIndex`,`scoreGroupId`,`participantId`) VALUES (161,0,'2018-03-18 13:34:40.718',1,24,257);
INSERT INTO `score` (`id`,`value`,`updated`,`judgeIndex`,`scoreGroupId`,`participantId`) VALUES (162,1.2,'2018-03-18 13:37:29.733',1,17,281);
INSERT INTO `score` (`id`,`value`,`updated`,`judgeIndex`,`scoreGroupId`,`participantId`) VALUES (163,1.65,'2018-03-18 13:37:29.733',1,19,281);
INSERT INTO `score` (`id`,`value`,`updated`,`judgeIndex`,`scoreGroupId`,`participantId`) VALUES (164,6.35,'2018-03-18 13:37:29.733',1,18,281);
INSERT INTO `score` (`id`,`value`,`updated`,`judgeIndex`,`scoreGroupId`,`participantId`) VALUES (165,6.35,'2018-03-18 13:37:29.733',2,18,281);
INSERT INTO `score` (`id`,`value`,`updated`,`judgeIndex`,`scoreGroupId`,`participantId`) VALUES (166,0,'2018-03-18 13:37:29.734',1,20,281);
INSERT INTO `score` (`id`,`value`,`updated`,`judgeIndex`,`scoreGroupId`,`participantId`) VALUES (167,0,'2018-03-18 13:40:20.872',1,21,270);
INSERT INTO `score` (`id`,`value`,`updated`,`judgeIndex`,`scoreGroupId`,`participantId`) VALUES (168,0,'2018-03-18 13:40:20.872',2,21,270);
INSERT INTO `score` (`id`,`value`,`updated`,`judgeIndex`,`scoreGroupId`,`participantId`) VALUES (169,1.6,'2018-03-18 13:40:20.872',1,23,270);
INSERT INTO `score` (`id`,`value`,`updated`,`judgeIndex`,`scoreGroupId`,`participantId`) VALUES (170,1.6,'2018-03-18 13:40:20.873',2,23,270);
INSERT INTO `score` (`id`,`value`,`updated`,`judgeIndex`,`scoreGroupId`,`participantId`) VALUES (171,5.95,'2018-03-18 13:40:20.873',1,22,270);
INSERT INTO `score` (`id`,`value`,`updated`,`judgeIndex`,`scoreGroupId`,`participantId`) VALUES (172,5.95,'2018-03-18 13:40:20.873',2,22,270);
INSERT INTO `score` (`id`,`value`,`updated`,`judgeIndex`,`scoreGroupId`,`participantId`) VALUES (173,0,'2018-03-18 13:40:20.873',1,24,270);
INSERT INTO `score` (`id`,`value`,`updated`,`judgeIndex`,`scoreGroupId`,`participantId`) VALUES (174,1.1,'2018-03-18 13:43:23.585',1,17,312);
INSERT INTO `score` (`id`,`value`,`updated`,`judgeIndex`,`scoreGroupId`,`participantId`) VALUES (175,1.75,'2018-03-18 13:43:23.585',1,19,312);
INSERT INTO `score` (`id`,`value`,`updated`,`judgeIndex`,`scoreGroupId`,`participantId`) VALUES (176,5,'2018-03-18 13:43:23.585',1,18,312);
INSERT INTO `score` (`id`,`value`,`updated`,`judgeIndex`,`scoreGroupId`,`participantId`) VALUES (177,5,'2018-03-18 13:43:23.585',2,18,312);
INSERT INTO `score` (`id`,`value`,`updated`,`judgeIndex`,`scoreGroupId`,`participantId`) VALUES (178,0,'2018-03-18 13:43:23.585',1,20,312);
INSERT INTO `score` (`id`,`value`,`updated`,`judgeIndex`,`scoreGroupId`,`participantId`) VALUES (179,1.1,'2018-03-18 13:43:55.225',1,17,312);
INSERT INTO `score` (`id`,`value`,`updated`,`judgeIndex`,`scoreGroupId`,`participantId`) VALUES (180,1.75,'2018-03-18 13:43:55.226',1,19,312);
INSERT INTO `score` (`id`,`value`,`updated`,`judgeIndex`,`scoreGroupId`,`participantId`) VALUES (181,5,'2018-03-18 13:43:55.226',1,18,312);
INSERT INTO `score` (`id`,`value`,`updated`,`judgeIndex`,`scoreGroupId`,`participantId`) VALUES (182,5,'2018-03-18 13:43:55.226',2,18,312);
INSERT INTO `score` (`id`,`value`,`updated`,`judgeIndex`,`scoreGroupId`,`participantId`) VALUES (183,0,'2018-03-18 13:43:55.226',1,20,312);
INSERT INTO `score` (`id`,`value`,`updated`,`judgeIndex`,`scoreGroupId`,`participantId`) VALUES (184,0,'2018-03-18 13:46:53.704',1,21,253);
INSERT INTO `score` (`id`,`value`,`updated`,`judgeIndex`,`scoreGroupId`,`participantId`) VALUES (185,0,'2018-03-18 13:46:53.704',2,21,253);
INSERT INTO `score` (`id`,`value`,`updated`,`judgeIndex`,`scoreGroupId`,`participantId`) VALUES (186,2.75,'2018-03-18 13:46:53.704',1,23,253);
INSERT INTO `score` (`id`,`value`,`updated`,`judgeIndex`,`scoreGroupId`,`participantId`) VALUES (187,2.75,'2018-03-18 13:46:53.705',2,23,253);
INSERT INTO `score` (`id`,`value`,`updated`,`judgeIndex`,`scoreGroupId`,`participantId`) VALUES (188,6.65,'2018-03-18 13:46:53.705',1,22,253);
INSERT INTO `score` (`id`,`value`,`updated`,`judgeIndex`,`scoreGroupId`,`participantId`) VALUES (189,6.65,'2018-03-18 13:46:53.705',2,22,253);
INSERT INTO `score` (`id`,`value`,`updated`,`judgeIndex`,`scoreGroupId`,`participantId`) VALUES (190,0,'2018-03-18 13:46:53.705',1,24,253);
INSERT INTO `score` (`id`,`value`,`updated`,`judgeIndex`,`scoreGroupId`,`participantId`) VALUES (191,2,'2018-03-18 13:48:29.921',1,17,277);
INSERT INTO `score` (`id`,`value`,`updated`,`judgeIndex`,`scoreGroupId`,`participantId`) VALUES (192,3,'2018-03-18 13:48:29.921',1,19,277);
INSERT INTO `score` (`id`,`value`,`updated`,`judgeIndex`,`scoreGroupId`,`participantId`) VALUES (193,6.35,'2018-03-18 13:48:29.921',1,18,277);
INSERT INTO `score` (`id`,`value`,`updated`,`judgeIndex`,`scoreGroupId`,`participantId`) VALUES (194,6.35,'2018-03-18 13:48:29.921',2,18,277);
INSERT INTO `score` (`id`,`value`,`updated`,`judgeIndex`,`scoreGroupId`,`participantId`) VALUES (195,0,'2018-03-18 13:48:29.921',1,20,277);
INSERT INTO `score` (`id`,`value`,`updated`,`judgeIndex`,`scoreGroupId`,`participantId`) VALUES (196,0.2,'2018-03-18 13:53:19.773',1,21,310);
INSERT INTO `score` (`id`,`value`,`updated`,`judgeIndex`,`scoreGroupId`,`participantId`) VALUES (197,0.2,'2018-03-18 13:53:19.773',2,21,310);
INSERT INTO `score` (`id`,`value`,`updated`,`judgeIndex`,`scoreGroupId`,`participantId`) VALUES (198,1.6,'2018-03-18 13:53:19.774',1,23,310);
INSERT INTO `score` (`id`,`value`,`updated`,`judgeIndex`,`scoreGroupId`,`participantId`) VALUES (199,1.6,'2018-03-18 13:53:19.774',2,23,310);
INSERT INTO `score` (`id`,`value`,`updated`,`judgeIndex`,`scoreGroupId`,`participantId`) VALUES (200,5.15,'2018-03-18 13:53:19.774',1,22,310);
INSERT INTO `score` (`id`,`value`,`updated`,`judgeIndex`,`scoreGroupId`,`participantId`) VALUES (201,5.15,'2018-03-18 13:53:19.774',2,22,310);
INSERT INTO `score` (`id`,`value`,`updated`,`judgeIndex`,`scoreGroupId`,`participantId`) VALUES (202,0,'2018-03-18 13:53:19.774',1,24,310);
INSERT INTO `score` (`id`,`value`,`updated`,`judgeIndex`,`scoreGroupId`,`participantId`) VALUES (203,1.4,'2018-03-18 13:55:21.206',1,17,252);
INSERT INTO `score` (`id`,`value`,`updated`,`judgeIndex`,`scoreGroupId`,`participantId`) VALUES (204,2.1,'2018-03-18 13:55:21.207',1,19,252);
INSERT INTO `score` (`id`,`value`,`updated`,`judgeIndex`,`scoreGroupId`,`participantId`) VALUES (205,6.25,'2018-03-18 13:55:21.207',1,18,252);
INSERT INTO `score` (`id`,`value`,`updated`,`judgeIndex`,`scoreGroupId`,`participantId`) VALUES (206,6.25,'2018-03-18 13:55:21.207',2,18,252);
INSERT INTO `score` (`id`,`value`,`updated`,`judgeIndex`,`scoreGroupId`,`participantId`) VALUES (207,0,'2018-03-18 13:55:21.207',1,20,252);
INSERT INTO `score` (`id`,`value`,`updated`,`judgeIndex`,`scoreGroupId`,`participantId`) VALUES (208,0,'2018-03-18 13:58:34.875',1,21,282);
INSERT INTO `score` (`id`,`value`,`updated`,`judgeIndex`,`scoreGroupId`,`participantId`) VALUES (209,0,'2018-03-18 13:58:34.876',2,21,282);
INSERT INTO `score` (`id`,`value`,`updated`,`judgeIndex`,`scoreGroupId`,`participantId`) VALUES (210,1.4,'2018-03-18 13:58:34.876',1,23,282);
INSERT INTO `score` (`id`,`value`,`updated`,`judgeIndex`,`scoreGroupId`,`participantId`) VALUES (211,1.4,'2018-03-18 13:58:34.876',2,23,282);
INSERT INTO `score` (`id`,`value`,`updated`,`judgeIndex`,`scoreGroupId`,`participantId`) VALUES (212,4.6,'2018-03-18 13:58:34.876',1,22,282);
INSERT INTO `score` (`id`,`value`,`updated`,`judgeIndex`,`scoreGroupId`,`participantId`) VALUES (213,4.6,'2018-03-18 13:58:34.876',2,22,282);
INSERT INTO `score` (`id`,`value`,`updated`,`judgeIndex`,`scoreGroupId`,`participantId`) VALUES (214,0,'2018-03-18 13:58:34.876',1,24,282);
INSERT INTO `score` (`id`,`value`,`updated`,`judgeIndex`,`scoreGroupId`,`participantId`) VALUES (215,1,'2018-03-18 14:00:54.649',1,17,269);
INSERT INTO `score` (`id`,`value`,`updated`,`judgeIndex`,`scoreGroupId`,`participantId`) VALUES (216,1.45,'2018-03-18 14:00:54.649',1,19,269);
INSERT INTO `score` (`id`,`value`,`updated`,`judgeIndex`,`scoreGroupId`,`participantId`) VALUES (217,5.45,'2018-03-18 14:00:54.649',1,18,269);
INSERT INTO `score` (`id`,`value`,`updated`,`judgeIndex`,`scoreGroupId`,`participantId`) VALUES (218,5.45,'2018-03-18 14:00:54.649',2,18,269);
INSERT INTO `score` (`id`,`value`,`updated`,`judgeIndex`,`scoreGroupId`,`participantId`) VALUES (219,0,'2018-03-18 14:00:54.650',1,20,269);
INSERT INTO `score` (`id`,`value`,`updated`,`judgeIndex`,`scoreGroupId`,`participantId`) VALUES (220,0.4,'2018-03-18 14:05:29.866',1,21,260);
INSERT INTO `score` (`id`,`value`,`updated`,`judgeIndex`,`scoreGroupId`,`participantId`) VALUES (221,0.4,'2018-03-18 14:05:29.866',2,21,260);
INSERT INTO `score` (`id`,`value`,`updated`,`judgeIndex`,`scoreGroupId`,`participantId`) VALUES (222,1.9,'2018-03-18 14:05:29.866',1,23,260);
INSERT INTO `score` (`id`,`value`,`updated`,`judgeIndex`,`scoreGroupId`,`participantId`) VALUES (223,1.9,'2018-03-18 14:05:29.866',2,23,260);
INSERT INTO `score` (`id`,`value`,`updated`,`judgeIndex`,`scoreGroupId`,`participantId`) VALUES (224,6.6,'2018-03-18 14:05:29.866',1,22,260);
INSERT INTO `score` (`id`,`value`,`updated`,`judgeIndex`,`scoreGroupId`,`participantId`) VALUES (225,6.6,'2018-03-18 14:05:29.866',2,22,260);
INSERT INTO `score` (`id`,`value`,`updated`,`judgeIndex`,`scoreGroupId`,`participantId`) VALUES (226,0,'2018-03-18 14:05:29.867',1,24,260);
INSERT INTO `score` (`id`,`value`,`updated`,`judgeIndex`,`scoreGroupId`,`participantId`) VALUES (227,1.2,'2018-03-18 14:07:50.315',1,17,328);
INSERT INTO `score` (`id`,`value`,`updated`,`judgeIndex`,`scoreGroupId`,`participantId`) VALUES (228,1,'2018-03-18 14:07:50.315',1,19,328);
INSERT INTO `score` (`id`,`value`,`updated`,`judgeIndex`,`scoreGroupId`,`participantId`) VALUES (229,2,'2018-03-18 14:07:50.315',1,18,328);
INSERT INTO `score` (`id`,`value`,`updated`,`judgeIndex`,`scoreGroupId`,`participantId`) VALUES (230,2,'2018-03-18 14:07:50.315',2,18,328);
INSERT INTO `score` (`id`,`value`,`updated`,`judgeIndex`,`scoreGroupId`,`participantId`) VALUES (231,0,'2018-03-18 14:07:50.315',1,20,328);
INSERT INTO `score` (`id`,`value`,`updated`,`judgeIndex`,`scoreGroupId`,`participantId`) VALUES (232,1.4,'2018-03-18 14:12:35.597',1,17,279);
INSERT INTO `score` (`id`,`value`,`updated`,`judgeIndex`,`scoreGroupId`,`participantId`) VALUES (233,2.15,'2018-03-18 14:12:35.597',1,19,279);
INSERT INTO `score` (`id`,`value`,`updated`,`judgeIndex`,`scoreGroupId`,`participantId`) VALUES (234,6.75,'2018-03-18 14:12:35.597',1,18,279);
INSERT INTO `score` (`id`,`value`,`updated`,`judgeIndex`,`scoreGroupId`,`participantId`) VALUES (235,6.75,'2018-03-18 14:12:35.597',2,18,279);
INSERT INTO `score` (`id`,`value`,`updated`,`judgeIndex`,`scoreGroupId`,`participantId`) VALUES (236,0,'2018-03-18 14:12:35.597',1,20,279);
INSERT INTO `score` (`id`,`value`,`updated`,`judgeIndex`,`scoreGroupId`,`participantId`) VALUES (237,0,'2018-03-18 14:17:22.741',1,21,268);
INSERT INTO `score` (`id`,`value`,`updated`,`judgeIndex`,`scoreGroupId`,`participantId`) VALUES (238,0,'2018-03-18 14:17:22.742',2,21,268);
INSERT INTO `score` (`id`,`value`,`updated`,`judgeIndex`,`scoreGroupId`,`participantId`) VALUES (239,1.1,'2018-03-18 14:17:22.742',1,23,268);
INSERT INTO `score` (`id`,`value`,`updated`,`judgeIndex`,`scoreGroupId`,`participantId`) VALUES (240,1.1,'2018-03-18 14:17:22.742',2,23,268);
INSERT INTO `score` (`id`,`value`,`updated`,`judgeIndex`,`scoreGroupId`,`participantId`) VALUES (241,4.6,'2018-03-18 14:17:22.742',1,22,268);
INSERT INTO `score` (`id`,`value`,`updated`,`judgeIndex`,`scoreGroupId`,`participantId`) VALUES (242,4.6,'2018-03-18 14:17:22.742',2,22,268);
INSERT INTO `score` (`id`,`value`,`updated`,`judgeIndex`,`scoreGroupId`,`participantId`) VALUES (243,0,'2018-03-18 14:17:22.742',1,24,268);
INSERT INTO `score` (`id`,`value`,`updated`,`judgeIndex`,`scoreGroupId`,`participantId`) VALUES (244,0,'2018-03-18 14:24:28.003',1,21,329);
INSERT INTO `score` (`id`,`value`,`updated`,`judgeIndex`,`scoreGroupId`,`participantId`) VALUES (245,0,'2018-03-18 14:24:28.003',2,21,329);
INSERT INTO `score` (`id`,`value`,`updated`,`judgeIndex`,`scoreGroupId`,`participantId`) VALUES (246,0.8,'2018-03-18 14:24:28.003',1,23,329);
INSERT INTO `score` (`id`,`value`,`updated`,`judgeIndex`,`scoreGroupId`,`participantId`) VALUES (247,0.8,'2018-03-18 14:24:28.003',2,23,329);
INSERT INTO `score` (`id`,`value`,`updated`,`judgeIndex`,`scoreGroupId`,`participantId`) VALUES (248,2.4,'2018-03-18 14:24:28.003',1,22,329);
INSERT INTO `score` (`id`,`value`,`updated`,`judgeIndex`,`scoreGroupId`,`participantId`) VALUES (249,2.4,'2018-03-18 14:24:28.003',2,22,329);
INSERT INTO `score` (`id`,`value`,`updated`,`judgeIndex`,`scoreGroupId`,`participantId`) VALUES (250,0,'2018-03-18 14:24:28.003',1,24,329);
INSERT INTO `score` (`id`,`value`,`updated`,`judgeIndex`,`scoreGroupId`,`participantId`) VALUES (251,1.4,'2018-03-18 14:24:33.728',1,17,261);
INSERT INTO `score` (`id`,`value`,`updated`,`judgeIndex`,`scoreGroupId`,`participantId`) VALUES (252,1.65,'2018-03-18 14:24:33.729',1,19,261);
INSERT INTO `score` (`id`,`value`,`updated`,`judgeIndex`,`scoreGroupId`,`participantId`) VALUES (253,7.3,'2018-03-18 14:24:33.729',1,18,261);
INSERT INTO `score` (`id`,`value`,`updated`,`judgeIndex`,`scoreGroupId`,`participantId`) VALUES (254,7.3,'2018-03-18 14:24:33.729',2,18,261);
INSERT INTO `score` (`id`,`value`,`updated`,`judgeIndex`,`scoreGroupId`,`participantId`) VALUES (255,0,'2018-03-18 14:24:33.729',1,20,261);
INSERT INTO `score` (`id`,`value`,`updated`,`judgeIndex`,`scoreGroupId`,`participantId`) VALUES (256,0.2,'2018-03-18 14:29:54.742',1,21,276);
INSERT INTO `score` (`id`,`value`,`updated`,`judgeIndex`,`scoreGroupId`,`participantId`) VALUES (257,0.2,'2018-03-18 14:29:54.742',2,21,276);
INSERT INTO `score` (`id`,`value`,`updated`,`judgeIndex`,`scoreGroupId`,`participantId`) VALUES (258,3.3,'2018-03-18 14:29:54.742',1,23,276);
INSERT INTO `score` (`id`,`value`,`updated`,`judgeIndex`,`scoreGroupId`,`participantId`) VALUES (259,3.3,'2018-03-18 14:29:54.742',2,23,276);
INSERT INTO `score` (`id`,`value`,`updated`,`judgeIndex`,`scoreGroupId`,`participantId`) VALUES (260,6.05,'2018-03-18 14:29:54.742',1,22,276);
INSERT INTO `score` (`id`,`value`,`updated`,`judgeIndex`,`scoreGroupId`,`participantId`) VALUES (261,6.05,'2018-03-18 14:29:54.742',2,22,276);
INSERT INTO `score` (`id`,`value`,`updated`,`judgeIndex`,`scoreGroupId`,`participantId`) VALUES (262,0,'2018-03-18 14:29:54.742',1,24,276);
INSERT INTO `score` (`id`,`value`,`updated`,`judgeIndex`,`scoreGroupId`,`participantId`) VALUES (263,1.4,'2018-03-18 14:33:47.641',1,17,273);
INSERT INTO `score` (`id`,`value`,`updated`,`judgeIndex`,`scoreGroupId`,`participantId`) VALUES (264,1.8,'2018-03-18 14:33:47.642',1,19,273);
INSERT INTO `score` (`id`,`value`,`updated`,`judgeIndex`,`scoreGroupId`,`participantId`) VALUES (265,6.15,'2018-03-18 14:33:47.645',1,18,273);
INSERT INTO `score` (`id`,`value`,`updated`,`judgeIndex`,`scoreGroupId`,`participantId`) VALUES (266,6.15,'2018-03-18 14:33:47.646',2,18,273);
INSERT INTO `score` (`id`,`value`,`updated`,`judgeIndex`,`scoreGroupId`,`participantId`) VALUES (267,0,'2018-03-18 14:33:47.646',1,20,273);
INSERT INTO `score` (`id`,`value`,`updated`,`judgeIndex`,`scoreGroupId`,`participantId`) VALUES (268,0,'2018-03-18 14:35:29.111',1,21,262);
INSERT INTO `score` (`id`,`value`,`updated`,`judgeIndex`,`scoreGroupId`,`participantId`) VALUES (269,0,'2018-03-18 14:35:29.111',2,21,262);
INSERT INTO `score` (`id`,`value`,`updated`,`judgeIndex`,`scoreGroupId`,`participantId`) VALUES (270,1.3,'2018-03-18 14:35:29.111',1,23,262);
INSERT INTO `score` (`id`,`value`,`updated`,`judgeIndex`,`scoreGroupId`,`participantId`) VALUES (271,1.3,'2018-03-18 14:35:29.111',2,23,262);
INSERT INTO `score` (`id`,`value`,`updated`,`judgeIndex`,`scoreGroupId`,`participantId`) VALUES (272,3.95,'2018-03-18 14:35:29.111',1,22,262);
INSERT INTO `score` (`id`,`value`,`updated`,`judgeIndex`,`scoreGroupId`,`participantId`) VALUES (273,3.95,'2018-03-18 14:35:29.111',2,22,262);
INSERT INTO `score` (`id`,`value`,`updated`,`judgeIndex`,`scoreGroupId`,`participantId`) VALUES (274,0,'2018-03-18 14:35:29.111',1,24,262);
INSERT INTO `score` (`id`,`value`,`updated`,`judgeIndex`,`scoreGroupId`,`participantId`) VALUES (275,1.4,'2018-03-18 14:37:33.731',1,17,283);
INSERT INTO `score` (`id`,`value`,`updated`,`judgeIndex`,`scoreGroupId`,`participantId`) VALUES (276,1.65,'2018-03-18 14:37:33.732',1,19,283);
INSERT INTO `score` (`id`,`value`,`updated`,`judgeIndex`,`scoreGroupId`,`participantId`) VALUES (277,6.65,'2018-03-18 14:37:33.732',1,18,283);
INSERT INTO `score` (`id`,`value`,`updated`,`judgeIndex`,`scoreGroupId`,`participantId`) VALUES (278,6.65,'2018-03-18 14:37:33.732',2,18,283);
INSERT INTO `score` (`id`,`value`,`updated`,`judgeIndex`,`scoreGroupId`,`participantId`) VALUES (279,0,'2018-03-18 14:37:33.732',1,20,283);
INSERT INTO `score` (`id`,`value`,`updated`,`judgeIndex`,`scoreGroupId`,`participantId`) VALUES (280,0,'2018-03-18 14:40:32.128',1,21,278);
INSERT INTO `score` (`id`,`value`,`updated`,`judgeIndex`,`scoreGroupId`,`participantId`) VALUES (281,0,'2018-03-18 14:40:32.128',2,21,278);
INSERT INTO `score` (`id`,`value`,`updated`,`judgeIndex`,`scoreGroupId`,`participantId`) VALUES (282,2.2,'2018-03-18 14:40:32.128',1,23,278);
INSERT INTO `score` (`id`,`value`,`updated`,`judgeIndex`,`scoreGroupId`,`participantId`) VALUES (283,2.2,'2018-03-18 14:40:32.128',2,23,278);
INSERT INTO `score` (`id`,`value`,`updated`,`judgeIndex`,`scoreGroupId`,`participantId`) VALUES (284,6.55,'2018-03-18 14:40:32.128',1,22,278);
INSERT INTO `score` (`id`,`value`,`updated`,`judgeIndex`,`scoreGroupId`,`participantId`) VALUES (285,6.55,'2018-03-18 14:40:32.128',2,22,278);
INSERT INTO `score` (`id`,`value`,`updated`,`judgeIndex`,`scoreGroupId`,`participantId`) VALUES (286,0,'2018-03-18 14:40:32.128',1,24,278);
INSERT INTO `score` (`id`,`value`,`updated`,`judgeIndex`,`scoreGroupId`,`participantId`) VALUES (287,0,'2018-03-18 14:45:58.408',1,21,255);
INSERT INTO `score` (`id`,`value`,`updated`,`judgeIndex`,`scoreGroupId`,`participantId`) VALUES (288,0,'2018-03-18 14:45:58.408',2,21,255);
INSERT INTO `score` (`id`,`value`,`updated`,`judgeIndex`,`scoreGroupId`,`participantId`) VALUES (289,1.7,'2018-03-18 14:45:58.408',1,23,255);
INSERT INTO `score` (`id`,`value`,`updated`,`judgeIndex`,`scoreGroupId`,`participantId`) VALUES (290,1.7,'2018-03-18 14:45:58.409',2,23,255);
INSERT INTO `score` (`id`,`value`,`updated`,`judgeIndex`,`scoreGroupId`,`participantId`) VALUES (291,7,'2018-03-18 14:45:58.409',1,22,255);
INSERT INTO `score` (`id`,`value`,`updated`,`judgeIndex`,`scoreGroupId`,`participantId`) VALUES (292,7,'2018-03-18 14:45:58.409',2,22,255);
INSERT INTO `score` (`id`,`value`,`updated`,`judgeIndex`,`scoreGroupId`,`participantId`) VALUES (293,0,'2018-03-18 14:45:58.409',1,24,255);
INSERT INTO `score` (`id`,`value`,`updated`,`judgeIndex`,`scoreGroupId`,`participantId`) VALUES (294,1.1,'2018-03-18 14:48:21.299',1,17,263);
INSERT INTO `score` (`id`,`value`,`updated`,`judgeIndex`,`scoreGroupId`,`participantId`) VALUES (295,1.45,'2018-03-18 14:48:21.299',1,19,263);
INSERT INTO `score` (`id`,`value`,`updated`,`judgeIndex`,`scoreGroupId`,`participantId`) VALUES (296,5.85,'2018-03-18 14:48:21.299',1,18,263);
INSERT INTO `score` (`id`,`value`,`updated`,`judgeIndex`,`scoreGroupId`,`participantId`) VALUES (297,5.85,'2018-03-18 14:48:21.299',2,18,263);
INSERT INTO `score` (`id`,`value`,`updated`,`judgeIndex`,`scoreGroupId`,`participantId`) VALUES (298,0,'2018-03-18 14:48:21.299',1,20,263);
INSERT INTO `score` (`id`,`value`,`updated`,`judgeIndex`,`scoreGroupId`,`participantId`) VALUES (299,0,'2018-03-18 14:55:10.480',1,21,272);
INSERT INTO `score` (`id`,`value`,`updated`,`judgeIndex`,`scoreGroupId`,`participantId`) VALUES (300,0,'2018-03-18 14:55:10.481',2,21,272);
INSERT INTO `score` (`id`,`value`,`updated`,`judgeIndex`,`scoreGroupId`,`participantId`) VALUES (301,1.3,'2018-03-18 14:55:10.481',1,23,272);
INSERT INTO `score` (`id`,`value`,`updated`,`judgeIndex`,`scoreGroupId`,`participantId`) VALUES (302,1.3,'2018-03-18 14:55:10.481',2,23,272);
INSERT INTO `score` (`id`,`value`,`updated`,`judgeIndex`,`scoreGroupId`,`participantId`) VALUES (303,6.4,'2018-03-18 14:55:10.481',1,22,272);
INSERT INTO `score` (`id`,`value`,`updated`,`judgeIndex`,`scoreGroupId`,`participantId`) VALUES (304,6.4,'2018-03-18 14:55:10.481',2,22,272);
INSERT INTO `score` (`id`,`value`,`updated`,`judgeIndex`,`scoreGroupId`,`participantId`) VALUES (305,0,'2018-03-18 14:55:10.481',1,24,272);
INSERT INTO `score` (`id`,`value`,`updated`,`judgeIndex`,`scoreGroupId`,`participantId`) VALUES (306,0.4,'2018-03-18 15:11:48.310',1,17,290);
INSERT INTO `score` (`id`,`value`,`updated`,`judgeIndex`,`scoreGroupId`,`participantId`) VALUES (307,2.8,'2018-03-18 15:11:48.310',1,19,290);
INSERT INTO `score` (`id`,`value`,`updated`,`judgeIndex`,`scoreGroupId`,`participantId`) VALUES (308,5.85,'2018-03-18 15:11:48.310',1,18,290);
INSERT INTO `score` (`id`,`value`,`updated`,`judgeIndex`,`scoreGroupId`,`participantId`) VALUES (309,5.85,'2018-03-18 15:11:48.310',2,18,290);
INSERT INTO `score` (`id`,`value`,`updated`,`judgeIndex`,`scoreGroupId`,`participantId`) VALUES (310,0,'2018-03-18 15:11:48.310',1,20,290);
INSERT INTO `score` (`id`,`value`,`updated`,`judgeIndex`,`scoreGroupId`,`participantId`) VALUES (311,0.4,'2018-03-18 15:17:36.497',1,21,293);
INSERT INTO `score` (`id`,`value`,`updated`,`judgeIndex`,`scoreGroupId`,`participantId`) VALUES (312,0.4,'2018-03-18 15:17:36.497',2,21,293);
INSERT INTO `score` (`id`,`value`,`updated`,`judgeIndex`,`scoreGroupId`,`participantId`) VALUES (313,3.7,'2018-03-18 15:17:36.497',1,23,293);
INSERT INTO `score` (`id`,`value`,`updated`,`judgeIndex`,`scoreGroupId`,`participantId`) VALUES (314,3.7,'2018-03-18 15:17:36.497',2,23,293);
INSERT INTO `score` (`id`,`value`,`updated`,`judgeIndex`,`scoreGroupId`,`participantId`) VALUES (315,7.1,'2018-03-18 15:17:36.497',1,22,293);
INSERT INTO `score` (`id`,`value`,`updated`,`judgeIndex`,`scoreGroupId`,`participantId`) VALUES (316,7.1,'2018-03-18 15:17:36.497',2,22,293);
INSERT INTO `score` (`id`,`value`,`updated`,`judgeIndex`,`scoreGroupId`,`participantId`) VALUES (317,0,'2018-03-18 15:17:36.498',1,24,293);
INSERT INTO `score` (`id`,`value`,`updated`,`judgeIndex`,`scoreGroupId`,`participantId`) VALUES (318,0.8,'2018-03-18 15:21:27.884',1,17,298);
INSERT INTO `score` (`id`,`value`,`updated`,`judgeIndex`,`scoreGroupId`,`participantId`) VALUES (319,2.1,'2018-03-18 15:21:27.884',1,19,298);
INSERT INTO `score` (`id`,`value`,`updated`,`judgeIndex`,`scoreGroupId`,`participantId`) VALUES (320,7.35,'2018-03-18 15:21:27.884',1,18,298);
INSERT INTO `score` (`id`,`value`,`updated`,`judgeIndex`,`scoreGroupId`,`participantId`) VALUES (321,7.35,'2018-03-18 15:21:27.884',2,18,298);
INSERT INTO `score` (`id`,`value`,`updated`,`judgeIndex`,`scoreGroupId`,`participantId`) VALUES (322,0,'2018-03-18 15:21:27.884',1,20,298);
INSERT INTO `score` (`id`,`value`,`updated`,`judgeIndex`,`scoreGroupId`,`participantId`) VALUES (323,0.4,'2018-03-18 15:24:09.394',1,21,305);
INSERT INTO `score` (`id`,`value`,`updated`,`judgeIndex`,`scoreGroupId`,`participantId`) VALUES (324,0.4,'2018-03-18 15:24:09.394',2,21,305);
INSERT INTO `score` (`id`,`value`,`updated`,`judgeIndex`,`scoreGroupId`,`participantId`) VALUES (325,2.25,'2018-03-18 15:24:09.394',1,23,305);
INSERT INTO `score` (`id`,`value`,`updated`,`judgeIndex`,`scoreGroupId`,`participantId`) VALUES (326,2.25,'2018-03-18 15:24:09.394',2,23,305);
INSERT INTO `score` (`id`,`value`,`updated`,`judgeIndex`,`scoreGroupId`,`participantId`) VALUES (327,7,'2018-03-18 15:24:09.394',1,22,305);
INSERT INTO `score` (`id`,`value`,`updated`,`judgeIndex`,`scoreGroupId`,`participantId`) VALUES (328,7,'2018-03-18 15:24:09.394',2,22,305);
INSERT INTO `score` (`id`,`value`,`updated`,`judgeIndex`,`scoreGroupId`,`participantId`) VALUES (329,0,'2018-03-18 15:24:09.394',1,24,305);
INSERT INTO `score` (`id`,`value`,`updated`,`judgeIndex`,`scoreGroupId`,`participantId`) VALUES (330,1.1,'2018-03-18 15:29:36.827',1,21,296);
INSERT INTO `score` (`id`,`value`,`updated`,`judgeIndex`,`scoreGroupId`,`participantId`) VALUES (331,1.1,'2018-03-18 15:29:36.830',2,21,296);
INSERT INTO `score` (`id`,`value`,`updated`,`judgeIndex`,`scoreGroupId`,`participantId`) VALUES (332,2.95,'2018-03-18 15:29:36.830',1,23,296);
INSERT INTO `score` (`id`,`value`,`updated`,`judgeIndex`,`scoreGroupId`,`participantId`) VALUES (333,2.95,'2018-03-18 15:29:36.830',2,23,296);
INSERT INTO `score` (`id`,`value`,`updated`,`judgeIndex`,`scoreGroupId`,`participantId`) VALUES (334,7.4,'2018-03-18 15:29:36.830',1,22,296);
INSERT INTO `score` (`id`,`value`,`updated`,`judgeIndex`,`scoreGroupId`,`participantId`) VALUES (335,7.4,'2018-03-18 15:29:36.830',2,22,296);
INSERT INTO `score` (`id`,`value`,`updated`,`judgeIndex`,`scoreGroupId`,`participantId`) VALUES (336,0,'2018-03-18 15:29:36.830',1,24,296);
INSERT INTO `score` (`id`,`value`,`updated`,`judgeIndex`,`scoreGroupId`,`participantId`) VALUES (337,0.8,'2018-03-18 15:30:09.852',1,17,292);
INSERT INTO `score` (`id`,`value`,`updated`,`judgeIndex`,`scoreGroupId`,`participantId`) VALUES (338,1.8,'2018-03-18 15:30:09.852',1,19,292);
INSERT INTO `score` (`id`,`value`,`updated`,`judgeIndex`,`scoreGroupId`,`participantId`) VALUES (339,5.45,'2018-03-18 15:30:09.852',1,18,292);
INSERT INTO `score` (`id`,`value`,`updated`,`judgeIndex`,`scoreGroupId`,`participantId`) VALUES (340,5.45,'2018-03-18 15:30:09.852',2,18,292);
INSERT INTO `score` (`id`,`value`,`updated`,`judgeIndex`,`scoreGroupId`,`participantId`) VALUES (341,0,'2018-03-18 15:30:09.852',1,20,292);
INSERT INTO `score` (`id`,`value`,`updated`,`judgeIndex`,`scoreGroupId`,`participantId`) VALUES (342,0.8,'2018-03-18 15:34:33.217',1,17,306);
INSERT INTO `score` (`id`,`value`,`updated`,`judgeIndex`,`scoreGroupId`,`participantId`) VALUES (343,1.95,'2018-03-18 15:34:33.217',1,19,306);
INSERT INTO `score` (`id`,`value`,`updated`,`judgeIndex`,`scoreGroupId`,`participantId`) VALUES (344,5.95,'2018-03-18 15:34:33.217',1,18,306);
INSERT INTO `score` (`id`,`value`,`updated`,`judgeIndex`,`scoreGroupId`,`participantId`) VALUES (345,5.95,'2018-03-18 15:34:33.217',2,18,306);
INSERT INTO `score` (`id`,`value`,`updated`,`judgeIndex`,`scoreGroupId`,`participantId`) VALUES (346,0,'2018-03-18 15:34:33.217',1,20,306);
INSERT INTO `score` (`id`,`value`,`updated`,`judgeIndex`,`scoreGroupId`,`participantId`) VALUES (347,1,'2018-03-18 15:37:36.425',1,21,291);
INSERT INTO `score` (`id`,`value`,`updated`,`judgeIndex`,`scoreGroupId`,`participantId`) VALUES (348,1,'2018-03-18 15:37:36.425',2,21,291);
INSERT INTO `score` (`id`,`value`,`updated`,`judgeIndex`,`scoreGroupId`,`participantId`) VALUES (349,1.4,'2018-03-18 15:37:36.426',1,23,291);
INSERT INTO `score` (`id`,`value`,`updated`,`judgeIndex`,`scoreGroupId`,`participantId`) VALUES (350,1.4,'2018-03-18 15:37:36.426',2,23,291);
INSERT INTO `score` (`id`,`value`,`updated`,`judgeIndex`,`scoreGroupId`,`participantId`) VALUES (351,4.3,'2018-03-18 15:37:36.426',1,22,291);
INSERT INTO `score` (`id`,`value`,`updated`,`judgeIndex`,`scoreGroupId`,`participantId`) VALUES (352,4.3,'2018-03-18 15:37:36.426',2,22,291);
INSERT INTO `score` (`id`,`value`,`updated`,`judgeIndex`,`scoreGroupId`,`participantId`) VALUES (353,0,'2018-03-18 15:37:36.426',1,24,291);
INSERT INTO `score` (`id`,`value`,`updated`,`judgeIndex`,`scoreGroupId`,`participantId`) VALUES (354,1,'2018-03-18 15:39:20.867',1,17,308);
INSERT INTO `score` (`id`,`value`,`updated`,`judgeIndex`,`scoreGroupId`,`participantId`) VALUES (355,2.15,'2018-03-18 15:39:20.867',1,19,308);
INSERT INTO `score` (`id`,`value`,`updated`,`judgeIndex`,`scoreGroupId`,`participantId`) VALUES (356,7,'2018-03-18 15:39:20.867',1,18,308);
INSERT INTO `score` (`id`,`value`,`updated`,`judgeIndex`,`scoreGroupId`,`participantId`) VALUES (357,7,'2018-03-18 15:39:20.867',2,18,308);
INSERT INTO `score` (`id`,`value`,`updated`,`judgeIndex`,`scoreGroupId`,`participantId`) VALUES (358,0,'2018-03-18 15:39:20.867',1,20,308);
INSERT INTO `score` (`id`,`value`,`updated`,`judgeIndex`,`scoreGroupId`,`participantId`) VALUES (359,1.4,'2018-03-18 15:44:55.799',1,17,326);
INSERT INTO `score` (`id`,`value`,`updated`,`judgeIndex`,`scoreGroupId`,`participantId`) VALUES (360,2.4,'2018-03-18 15:44:55.800',1,19,326);
INSERT INTO `score` (`id`,`value`,`updated`,`judgeIndex`,`scoreGroupId`,`participantId`) VALUES (361,6.6,'2018-03-18 15:44:55.800',1,18,326);
INSERT INTO `score` (`id`,`value`,`updated`,`judgeIndex`,`scoreGroupId`,`participantId`) VALUES (362,6.6,'2018-03-18 15:44:55.800',2,18,326);
INSERT INTO `score` (`id`,`value`,`updated`,`judgeIndex`,`scoreGroupId`,`participantId`) VALUES (363,0,'2018-03-18 15:44:55.800',1,20,326);
INSERT INTO `score` (`id`,`value`,`updated`,`judgeIndex`,`scoreGroupId`,`participantId`) VALUES (364,1.2,'2018-03-18 16:03:30.817',1,21,299);
INSERT INTO `score` (`id`,`value`,`updated`,`judgeIndex`,`scoreGroupId`,`participantId`) VALUES (365,1.2,'2018-03-18 16:03:30.818',2,21,299);
INSERT INTO `score` (`id`,`value`,`updated`,`judgeIndex`,`scoreGroupId`,`participantId`) VALUES (366,4.3,'2018-03-18 16:03:30.818',1,23,299);
INSERT INTO `score` (`id`,`value`,`updated`,`judgeIndex`,`scoreGroupId`,`participantId`) VALUES (367,4.3,'2018-03-18 16:03:30.818',2,23,299);
INSERT INTO `score` (`id`,`value`,`updated`,`judgeIndex`,`scoreGroupId`,`participantId`) VALUES (368,7.65,'2018-03-18 16:03:30.818',1,22,299);
INSERT INTO `score` (`id`,`value`,`updated`,`judgeIndex`,`scoreGroupId`,`participantId`) VALUES (369,7.65,'2018-03-18 16:03:30.818',2,22,299);
INSERT INTO `score` (`id`,`value`,`updated`,`judgeIndex`,`scoreGroupId`,`participantId`) VALUES (370,0,'2018-03-18 16:03:30.820',1,24,299);
INSERT INTO `score` (`id`,`value`,`updated`,`judgeIndex`,`scoreGroupId`,`participantId`) VALUES (371,0.3,'2018-03-18 16:09:35.149',1,21,327);
INSERT INTO `score` (`id`,`value`,`updated`,`judgeIndex`,`scoreGroupId`,`participantId`) VALUES (372,0.3,'2018-03-18 16:09:35.149',2,21,327);
INSERT INTO `score` (`id`,`value`,`updated`,`judgeIndex`,`scoreGroupId`,`participantId`) VALUES (373,3.25,'2018-03-18 16:09:35.149',1,23,327);
INSERT INTO `score` (`id`,`value`,`updated`,`judgeIndex`,`scoreGroupId`,`participantId`) VALUES (374,3.25,'2018-03-18 16:09:35.150',2,23,327);
INSERT INTO `score` (`id`,`value`,`updated`,`judgeIndex`,`scoreGroupId`,`participantId`) VALUES (375,5.9,'2018-03-18 16:09:35.150',1,22,327);
INSERT INTO `score` (`id`,`value`,`updated`,`judgeIndex`,`scoreGroupId`,`participantId`) VALUES (376,5.9,'2018-03-18 16:09:35.150',2,22,327);
INSERT INTO `score` (`id`,`value`,`updated`,`judgeIndex`,`scoreGroupId`,`participantId`) VALUES (377,0,'2018-03-18 16:09:35.150',1,24,327);
INSERT INTO `score` (`id`,`value`,`updated`,`judgeIndex`,`scoreGroupId`,`participantId`) VALUES (378,1.4,'2018-03-18 16:11:09.760',1,17,295);
INSERT INTO `score` (`id`,`value`,`updated`,`judgeIndex`,`scoreGroupId`,`participantId`) VALUES (379,2.8,'2018-03-18 16:11:09.760',1,19,295);
INSERT INTO `score` (`id`,`value`,`updated`,`judgeIndex`,`scoreGroupId`,`participantId`) VALUES (380,6.8,'2018-03-18 16:11:09.760',1,18,295);
INSERT INTO `score` (`id`,`value`,`updated`,`judgeIndex`,`scoreGroupId`,`participantId`) VALUES (381,6.8,'2018-03-18 16:11:09.760',2,18,295);
INSERT INTO `score` (`id`,`value`,`updated`,`judgeIndex`,`scoreGroupId`,`participantId`) VALUES (382,0,'2018-03-18 16:11:09.760',1,20,295);
INSERT INTO `score` (`id`,`value`,`updated`,`judgeIndex`,`scoreGroupId`,`participantId`) VALUES (383,1.8,'2018-03-18 16:17:44.253',1,17,244);
INSERT INTO `score` (`id`,`value`,`updated`,`judgeIndex`,`scoreGroupId`,`participantId`) VALUES (384,3.45,'2018-03-18 16:17:44.253',1,19,244);
INSERT INTO `score` (`id`,`value`,`updated`,`judgeIndex`,`scoreGroupId`,`participantId`) VALUES (385,6.5,'2018-03-18 16:17:44.253',1,18,244);
INSERT INTO `score` (`id`,`value`,`updated`,`judgeIndex`,`scoreGroupId`,`participantId`) VALUES (386,6.5,'2018-03-18 16:17:44.253',2,18,244);
INSERT INTO `score` (`id`,`value`,`updated`,`judgeIndex`,`scoreGroupId`,`participantId`) VALUES (387,0,'2018-03-18 16:17:44.253',1,20,244);
INSERT INTO `score` (`id`,`value`,`updated`,`judgeIndex`,`scoreGroupId`,`participantId`) VALUES (388,0.3,'2018-03-18 16:20:14.996',1,21,245);
INSERT INTO `score` (`id`,`value`,`updated`,`judgeIndex`,`scoreGroupId`,`participantId`) VALUES (389,0.3,'2018-03-18 16:20:14.997',2,21,245);
INSERT INTO `score` (`id`,`value`,`updated`,`judgeIndex`,`scoreGroupId`,`participantId`) VALUES (390,2.2,'2018-03-18 16:20:14.997',1,23,245);
INSERT INTO `score` (`id`,`value`,`updated`,`judgeIndex`,`scoreGroupId`,`participantId`) VALUES (391,2.2,'2018-03-18 16:20:14.997',2,23,245);
INSERT INTO `score` (`id`,`value`,`updated`,`judgeIndex`,`scoreGroupId`,`participantId`) VALUES (392,5.75,'2018-03-18 16:20:14.997',1,22,245);
INSERT INTO `score` (`id`,`value`,`updated`,`judgeIndex`,`scoreGroupId`,`participantId`) VALUES (393,5.75,'2018-03-18 16:20:14.997',2,22,245);
INSERT INTO `score` (`id`,`value`,`updated`,`judgeIndex`,`scoreGroupId`,`participantId`) VALUES (394,0,'2018-03-18 16:20:14.997',1,24,245);
INSERT INTO `score` (`id`,`value`,`updated`,`judgeIndex`,`scoreGroupId`,`participantId`) VALUES (395,1.7,'2018-03-18 16:23:12.631',1,17,239);
INSERT INTO `score` (`id`,`value`,`updated`,`judgeIndex`,`scoreGroupId`,`participantId`) VALUES (396,3.25,'2018-03-18 16:23:12.632',1,19,239);
INSERT INTO `score` (`id`,`value`,`updated`,`judgeIndex`,`scoreGroupId`,`participantId`) VALUES (397,6.85,'2018-03-18 16:23:12.632',1,18,239);
INSERT INTO `score` (`id`,`value`,`updated`,`judgeIndex`,`scoreGroupId`,`participantId`) VALUES (398,6.85,'2018-03-18 16:23:12.634',2,18,239);
INSERT INTO `score` (`id`,`value`,`updated`,`judgeIndex`,`scoreGroupId`,`participantId`) VALUES (399,0,'2018-03-18 16:23:12.634',1,20,239);
INSERT INTO `score` (`id`,`value`,`updated`,`judgeIndex`,`scoreGroupId`,`participantId`) VALUES (400,0.6,'2018-03-18 16:25:47.784',1,21,242);
INSERT INTO `score` (`id`,`value`,`updated`,`judgeIndex`,`scoreGroupId`,`participantId`) VALUES (401,0.6,'2018-03-18 16:25:47.784',2,21,242);
INSERT INTO `score` (`id`,`value`,`updated`,`judgeIndex`,`scoreGroupId`,`participantId`) VALUES (402,3.45,'2018-03-18 16:25:47.785',1,23,242);
INSERT INTO `score` (`id`,`value`,`updated`,`judgeIndex`,`scoreGroupId`,`participantId`) VALUES (403,3.45,'2018-03-18 16:25:47.785',2,23,242);
INSERT INTO `score` (`id`,`value`,`updated`,`judgeIndex`,`scoreGroupId`,`participantId`) VALUES (404,6.5,'2018-03-18 16:25:47.785',1,22,242);
INSERT INTO `score` (`id`,`value`,`updated`,`judgeIndex`,`scoreGroupId`,`participantId`) VALUES (405,6.5,'2018-03-18 16:25:47.785',2,22,242);
INSERT INTO `score` (`id`,`value`,`updated`,`judgeIndex`,`scoreGroupId`,`participantId`) VALUES (406,0,'2018-03-18 16:25:47.785',1,24,242);
INSERT INTO `score` (`id`,`value`,`updated`,`judgeIndex`,`scoreGroupId`,`participantId`) VALUES (407,2,'2018-03-18 16:29:34.085',1,17,236);
INSERT INTO `score` (`id`,`value`,`updated`,`judgeIndex`,`scoreGroupId`,`participantId`) VALUES (408,5.9,'2018-03-18 16:29:34.085',1,19,236);
INSERT INTO `score` (`id`,`value`,`updated`,`judgeIndex`,`scoreGroupId`,`participantId`) VALUES (409,6.25,'2018-03-18 16:29:34.085',1,18,236);
INSERT INTO `score` (`id`,`value`,`updated`,`judgeIndex`,`scoreGroupId`,`participantId`) VALUES (410,6.25,'2018-03-18 16:29:34.085',2,18,236);
INSERT INTO `score` (`id`,`value`,`updated`,`judgeIndex`,`scoreGroupId`,`participantId`) VALUES (411,0,'2018-03-18 16:29:34.085',1,20,236);
INSERT INTO `score` (`id`,`value`,`updated`,`judgeIndex`,`scoreGroupId`,`participantId`) VALUES (412,1.2,'2018-03-18 16:37:15.325',1,21,237);
INSERT INTO `score` (`id`,`value`,`updated`,`judgeIndex`,`scoreGroupId`,`participantId`) VALUES (413,1.2,'2018-03-18 16:37:15.325',2,21,237);
INSERT INTO `score` (`id`,`value`,`updated`,`judgeIndex`,`scoreGroupId`,`participantId`) VALUES (414,3.8,'2018-03-18 16:37:15.325',1,23,237);
INSERT INTO `score` (`id`,`value`,`updated`,`judgeIndex`,`scoreGroupId`,`participantId`) VALUES (415,3.8,'2018-03-18 16:37:15.325',2,23,237);
INSERT INTO `score` (`id`,`value`,`updated`,`judgeIndex`,`scoreGroupId`,`participantId`) VALUES (416,6.65,'2018-03-18 16:37:15.325',1,22,237);
INSERT INTO `score` (`id`,`value`,`updated`,`judgeIndex`,`scoreGroupId`,`participantId`) VALUES (417,6.65,'2018-03-18 16:37:15.325',2,22,237);
INSERT INTO `score` (`id`,`value`,`updated`,`judgeIndex`,`scoreGroupId`,`participantId`) VALUES (418,0,'2018-03-18 16:37:15.325',1,24,237);
INSERT INTO `score` (`id`,`value`,`updated`,`judgeIndex`,`scoreGroupId`,`participantId`) VALUES (419,1,'2018-03-18 16:38:01.217',1,17,246);
INSERT INTO `score` (`id`,`value`,`updated`,`judgeIndex`,`scoreGroupId`,`participantId`) VALUES (420,2.2,'2018-03-18 16:38:01.217',1,19,246);
INSERT INTO `score` (`id`,`value`,`updated`,`judgeIndex`,`scoreGroupId`,`participantId`) VALUES (421,6.5,'2018-03-18 16:38:01.217',1,18,246);
INSERT INTO `score` (`id`,`value`,`updated`,`judgeIndex`,`scoreGroupId`,`participantId`) VALUES (422,6.5,'2018-03-18 16:38:01.217',2,18,246);
INSERT INTO `score` (`id`,`value`,`updated`,`judgeIndex`,`scoreGroupId`,`participantId`) VALUES (423,0,'2018-03-18 16:38:01.217',1,20,246);
INSERT INTO `score` (`id`,`value`,`updated`,`judgeIndex`,`scoreGroupId`,`participantId`) VALUES (424,0.6,'2018-03-18 16:43:56.363',1,21,249);
INSERT INTO `score` (`id`,`value`,`updated`,`judgeIndex`,`scoreGroupId`,`participantId`) VALUES (425,0.6,'2018-03-18 16:43:56.363',2,21,249);
INSERT INTO `score` (`id`,`value`,`updated`,`judgeIndex`,`scoreGroupId`,`participantId`) VALUES (426,3.1,'2018-03-18 16:43:56.364',1,23,249);
INSERT INTO `score` (`id`,`value`,`updated`,`judgeIndex`,`scoreGroupId`,`participantId`) VALUES (427,3.1,'2018-03-18 16:43:56.364',2,23,249);
INSERT INTO `score` (`id`,`value`,`updated`,`judgeIndex`,`scoreGroupId`,`participantId`) VALUES (428,6.15,'2018-03-18 16:43:56.364',1,22,249);
INSERT INTO `score` (`id`,`value`,`updated`,`judgeIndex`,`scoreGroupId`,`participantId`) VALUES (429,6.15,'2018-03-18 16:43:56.364',2,22,249);
INSERT INTO `score` (`id`,`value`,`updated`,`judgeIndex`,`scoreGroupId`,`participantId`) VALUES (430,0,'2018-03-18 16:43:56.364',1,24,249);
INSERT INTO `score` (`id`,`value`,`updated`,`judgeIndex`,`scoreGroupId`,`participantId`) VALUES (431,1.8,'2018-03-18 16:45:16.547',1,17,323);
INSERT INTO `score` (`id`,`value`,`updated`,`judgeIndex`,`scoreGroupId`,`participantId`) VALUES (432,3.5,'2018-03-18 16:45:16.547',1,19,323);
INSERT INTO `score` (`id`,`value`,`updated`,`judgeIndex`,`scoreGroupId`,`participantId`) VALUES (433,6.7,'2018-03-18 16:45:16.547',1,18,323);
INSERT INTO `score` (`id`,`value`,`updated`,`judgeIndex`,`scoreGroupId`,`participantId`) VALUES (434,6.7,'2018-03-18 16:45:16.547',2,18,323);
INSERT INTO `score` (`id`,`value`,`updated`,`judgeIndex`,`scoreGroupId`,`participantId`) VALUES (435,0,'2018-03-18 16:45:16.547',1,20,323);
INSERT INTO `score` (`id`,`value`,`updated`,`judgeIndex`,`scoreGroupId`,`participantId`) VALUES (436,0.6,'2018-03-18 16:50:02.188',1,21,243);
INSERT INTO `score` (`id`,`value`,`updated`,`judgeIndex`,`scoreGroupId`,`participantId`) VALUES (437,0.6,'2018-03-18 16:50:02.189',2,21,243);
INSERT INTO `score` (`id`,`value`,`updated`,`judgeIndex`,`scoreGroupId`,`participantId`) VALUES (438,4.7,'2018-03-18 16:50:02.189',1,23,243);
INSERT INTO `score` (`id`,`value`,`updated`,`judgeIndex`,`scoreGroupId`,`participantId`) VALUES (439,4.7,'2018-03-18 16:50:02.189',2,23,243);
INSERT INTO `score` (`id`,`value`,`updated`,`judgeIndex`,`scoreGroupId`,`participantId`) VALUES (440,6.7,'2018-03-18 16:50:02.189',1,22,243);
INSERT INTO `score` (`id`,`value`,`updated`,`judgeIndex`,`scoreGroupId`,`participantId`) VALUES (441,6.7,'2018-03-18 16:50:02.189',2,22,243);
INSERT INTO `score` (`id`,`value`,`updated`,`judgeIndex`,`scoreGroupId`,`participantId`) VALUES (442,0,'2018-03-18 16:50:02.189',1,24,243);
INSERT INTO `score` (`id`,`value`,`updated`,`judgeIndex`,`scoreGroupId`,`participantId`) VALUES (443,0.7,'2018-03-18 16:52:06.771',1,17,248);
INSERT INTO `score` (`id`,`value`,`updated`,`judgeIndex`,`scoreGroupId`,`participantId`) VALUES (444,1.85,'2018-03-18 16:52:06.772',1,19,248);
INSERT INTO `score` (`id`,`value`,`updated`,`judgeIndex`,`scoreGroupId`,`participantId`) VALUES (445,6.5,'2018-03-18 16:52:06.772',1,18,248);
INSERT INTO `score` (`id`,`value`,`updated`,`judgeIndex`,`scoreGroupId`,`participantId`) VALUES (446,6.5,'2018-03-18 16:52:06.772',2,18,248);
INSERT INTO `score` (`id`,`value`,`updated`,`judgeIndex`,`scoreGroupId`,`participantId`) VALUES (447,0,'2018-03-18 16:52:06.772',1,20,248);
INSERT INTO `score` (`id`,`value`,`updated`,`judgeIndex`,`scoreGroupId`,`participantId`) VALUES (448,1.5,'2018-03-18 16:56:26.816',1,21,240);
INSERT INTO `score` (`id`,`value`,`updated`,`judgeIndex`,`scoreGroupId`,`participantId`) VALUES (449,1.5,'2018-03-18 16:56:26.817',2,21,240);
INSERT INTO `score` (`id`,`value`,`updated`,`judgeIndex`,`scoreGroupId`,`participantId`) VALUES (450,5.4,'2018-03-18 16:56:26.817',1,23,240);
INSERT INTO `score` (`id`,`value`,`updated`,`judgeIndex`,`scoreGroupId`,`participantId`) VALUES (451,5.4,'2018-03-18 16:56:26.817',2,23,240);
INSERT INTO `score` (`id`,`value`,`updated`,`judgeIndex`,`scoreGroupId`,`participantId`) VALUES (452,7,'2018-03-18 16:56:26.817',1,22,240);
INSERT INTO `score` (`id`,`value`,`updated`,`judgeIndex`,`scoreGroupId`,`participantId`) VALUES (453,7,'2018-03-18 16:56:26.817',2,22,240);
INSERT INTO `score` (`id`,`value`,`updated`,`judgeIndex`,`scoreGroupId`,`participantId`) VALUES (454,0,'2018-03-18 16:56:26.817',1,24,240);
INSERT INTO `score` (`id`,`value`,`updated`,`judgeIndex`,`scoreGroupId`,`participantId`) VALUES (455,1.3,'2018-03-18 17:03:51.177',1,21,324);
INSERT INTO `score` (`id`,`value`,`updated`,`judgeIndex`,`scoreGroupId`,`participantId`) VALUES (456,1.3,'2018-03-18 17:03:51.177',2,21,324);
INSERT INTO `score` (`id`,`value`,`updated`,`judgeIndex`,`scoreGroupId`,`participantId`) VALUES (457,4.1,'2018-03-18 17:03:51.177',1,23,324);
INSERT INTO `score` (`id`,`value`,`updated`,`judgeIndex`,`scoreGroupId`,`participantId`) VALUES (458,4.1,'2018-03-18 17:03:51.177',2,23,324);
INSERT INTO `score` (`id`,`value`,`updated`,`judgeIndex`,`scoreGroupId`,`participantId`) VALUES (459,7.6,'2018-03-18 17:03:51.177',1,22,324);
INSERT INTO `score` (`id`,`value`,`updated`,`judgeIndex`,`scoreGroupId`,`participantId`) VALUES (460,7.6,'2018-03-18 17:03:51.177',2,22,324);
INSERT INTO `score` (`id`,`value`,`updated`,`judgeIndex`,`scoreGroupId`,`participantId`) VALUES (461,0,'2018-03-18 17:03:51.177',1,24,324);
INSERT INTO `score` (`id`,`value`,`updated`,`judgeIndex`,`scoreGroupId`,`participantId`) VALUES (462,1.8,'2018-03-18 17:07:17.089',1,17,241);
INSERT INTO `score` (`id`,`value`,`updated`,`judgeIndex`,`scoreGroupId`,`participantId`) VALUES (463,4.35,'2018-03-18 17:07:17.089',1,19,241);
INSERT INTO `score` (`id`,`value`,`updated`,`judgeIndex`,`scoreGroupId`,`participantId`) VALUES (464,6.25,'2018-03-18 17:07:17.089',1,18,241);
INSERT INTO `score` (`id`,`value`,`updated`,`judgeIndex`,`scoreGroupId`,`participantId`) VALUES (465,6.25,'2018-03-18 17:07:17.089',2,18,241);
INSERT INTO `score` (`id`,`value`,`updated`,`judgeIndex`,`scoreGroupId`,`participantId`) VALUES (466,0,'2018-03-18 17:07:17.089',1,20,241);
INSERT INTO `score` (`id`,`value`,`updated`,`judgeIndex`,`scoreGroupId`,`participantId`) VALUES (467,1.4,'2018-03-18 17:07:44.024',1,17,250);
INSERT INTO `score` (`id`,`value`,`updated`,`judgeIndex`,`scoreGroupId`,`participantId`) VALUES (468,3,'2018-03-18 17:07:44.024',1,19,250);
INSERT INTO `score` (`id`,`value`,`updated`,`judgeIndex`,`scoreGroupId`,`participantId`) VALUES (469,7.05,'2018-03-18 17:07:44.024',1,18,250);
INSERT INTO `score` (`id`,`value`,`updated`,`judgeIndex`,`scoreGroupId`,`participantId`) VALUES (470,7.05,'2018-03-18 17:07:44.024',2,18,250);
INSERT INTO `score` (`id`,`value`,`updated`,`judgeIndex`,`scoreGroupId`,`participantId`) VALUES (471,0,'2018-03-18 17:07:44.024',1,20,250);
INSERT INTO `score` (`id`,`value`,`updated`,`judgeIndex`,`scoreGroupId`,`participantId`) VALUES (472,0.4,'2018-03-18 17:10:56.762',1,21,247);
INSERT INTO `score` (`id`,`value`,`updated`,`judgeIndex`,`scoreGroupId`,`participantId`) VALUES (473,0.4,'2018-03-18 17:10:56.762',2,21,247);
INSERT INTO `score` (`id`,`value`,`updated`,`judgeIndex`,`scoreGroupId`,`participantId`) VALUES (474,1.7,'2018-03-18 17:10:56.762',1,23,247);
INSERT INTO `score` (`id`,`value`,`updated`,`judgeIndex`,`scoreGroupId`,`participantId`) VALUES (475,1.7,'2018-03-18 17:10:56.762',2,23,247);
INSERT INTO `score` (`id`,`value`,`updated`,`judgeIndex`,`scoreGroupId`,`participantId`) VALUES (476,5,'2018-03-18 17:10:56.762',1,22,247);
INSERT INTO `score` (`id`,`value`,`updated`,`judgeIndex`,`scoreGroupId`,`participantId`) VALUES (477,5,'2018-03-18 17:10:56.762',2,22,247);
INSERT INTO `score` (`id`,`value`,`updated`,`judgeIndex`,`scoreGroupId`,`participantId`) VALUES (478,0,'2018-03-18 17:10:56.762',1,24,247);
INSERT INTO `score` (`id`,`value`,`updated`,`judgeIndex`,`scoreGroupId`,`participantId`) VALUES (479,1.8,'2018-03-18 17:18:02.043',1,21,318);
INSERT INTO `score` (`id`,`value`,`updated`,`judgeIndex`,`scoreGroupId`,`participantId`) VALUES (480,1.8,'2018-03-18 17:18:02.043',2,21,318);
INSERT INTO `score` (`id`,`value`,`updated`,`judgeIndex`,`scoreGroupId`,`participantId`) VALUES (481,6.3,'2018-03-18 17:18:02.043',1,23,318);
INSERT INTO `score` (`id`,`value`,`updated`,`judgeIndex`,`scoreGroupId`,`participantId`) VALUES (482,6.3,'2018-03-18 17:18:02.045',2,23,318);
INSERT INTO `score` (`id`,`value`,`updated`,`judgeIndex`,`scoreGroupId`,`participantId`) VALUES (483,7.85,'2018-03-18 17:18:02.045',1,22,318);
INSERT INTO `score` (`id`,`value`,`updated`,`judgeIndex`,`scoreGroupId`,`participantId`) VALUES (484,7.85,'2018-03-18 17:18:02.045',2,22,318);
INSERT INTO `score` (`id`,`value`,`updated`,`judgeIndex`,`scoreGroupId`,`participantId`) VALUES (485,0,'2018-03-18 17:18:02.045',1,24,318);
INSERT INTO `score` (`id`,`value`,`updated`,`judgeIndex`,`scoreGroupId`,`participantId`) VALUES (486,1.7,'2018-03-18 17:19:22.441',1,17,317);
INSERT INTO `score` (`id`,`value`,`updated`,`judgeIndex`,`scoreGroupId`,`participantId`) VALUES (487,4.15,'2018-03-18 17:19:22.441',1,19,317);
INSERT INTO `score` (`id`,`value`,`updated`,`judgeIndex`,`scoreGroupId`,`participantId`) VALUES (488,7.2,'2018-03-18 17:19:22.441',1,18,317);
INSERT INTO `score` (`id`,`value`,`updated`,`judgeIndex`,`scoreGroupId`,`participantId`) VALUES (489,7.2,'2018-03-18 17:19:22.441',2,18,317);
INSERT INTO `score` (`id`,`value`,`updated`,`judgeIndex`,`scoreGroupId`,`participantId`) VALUES (490,0,'2018-03-18 17:19:22.441',1,20,317);
INSERT INTO `score` (`id`,`value`,`updated`,`judgeIndex`,`scoreGroupId`,`participantId`) VALUES (491,2,'2018-03-18 17:20:41.246',1,17,315);
INSERT INTO `score` (`id`,`value`,`updated`,`judgeIndex`,`scoreGroupId`,`participantId`) VALUES (492,4.85,'2018-03-18 17:20:41.246',1,19,315);
INSERT INTO `score` (`id`,`value`,`updated`,`judgeIndex`,`scoreGroupId`,`participantId`) VALUES (493,8,'2018-03-18 17:20:41.246',1,18,315);
INSERT INTO `score` (`id`,`value`,`updated`,`judgeIndex`,`scoreGroupId`,`participantId`) VALUES (494,8,'2018-03-18 17:20:41.246',2,18,315);
INSERT INTO `score` (`id`,`value`,`updated`,`judgeIndex`,`scoreGroupId`,`participantId`) VALUES (495,0,'2018-03-18 17:20:41.247',1,20,315);
INSERT INTO `score` (`id`,`value`,`updated`,`judgeIndex`,`scoreGroupId`,`participantId`) VALUES (496,0.8,'2018-03-18 17:24:28.029',1,21,319);
INSERT INTO `score` (`id`,`value`,`updated`,`judgeIndex`,`scoreGroupId`,`participantId`) VALUES (497,0.8,'2018-03-18 17:24:28.029',2,21,319);
INSERT INTO `score` (`id`,`value`,`updated`,`judgeIndex`,`scoreGroupId`,`participantId`) VALUES (498,4.25,'2018-03-18 17:24:28.029',1,23,319);
INSERT INTO `score` (`id`,`value`,`updated`,`judgeIndex`,`scoreGroupId`,`participantId`) VALUES (499,4.25,'2018-03-18 17:24:28.032',2,23,319);
INSERT INTO `score` (`id`,`value`,`updated`,`judgeIndex`,`scoreGroupId`,`participantId`) VALUES (500,7.25,'2018-03-18 17:24:28.032',1,22,319);
INSERT INTO `score` (`id`,`value`,`updated`,`judgeIndex`,`scoreGroupId`,`participantId`) VALUES (501,7.25,'2018-03-18 17:24:28.032',2,22,319);
INSERT INTO `score` (`id`,`value`,`updated`,`judgeIndex`,`scoreGroupId`,`participantId`) VALUES (502,0,'2018-03-18 17:24:28.033',1,24,319);
INSERT INTO `score` (`id`,`value`,`updated`,`judgeIndex`,`scoreGroupId`,`participantId`) VALUES (503,2,'2018-03-18 17:27:15.962',1,17,321);
INSERT INTO `score` (`id`,`value`,`updated`,`judgeIndex`,`scoreGroupId`,`participantId`) VALUES (504,6.3,'2018-03-18 17:27:15.963',1,19,321);
INSERT INTO `score` (`id`,`value`,`updated`,`judgeIndex`,`scoreGroupId`,`participantId`) VALUES (505,7.1,'2018-03-18 17:27:15.963',1,18,321);
INSERT INTO `score` (`id`,`value`,`updated`,`judgeIndex`,`scoreGroupId`,`participantId`) VALUES (506,7.1,'2018-03-18 17:27:15.963',2,18,321);
INSERT INTO `score` (`id`,`value`,`updated`,`judgeIndex`,`scoreGroupId`,`participantId`) VALUES (507,0,'2018-03-18 17:27:15.963',1,20,321);
INSERT INTO `score` (`id`,`value`,`updated`,`judgeIndex`,`scoreGroupId`,`participantId`) VALUES (508,0.9,'2018-03-18 17:31:32.173',1,21,288);
INSERT INTO `score` (`id`,`value`,`updated`,`judgeIndex`,`scoreGroupId`,`participantId`) VALUES (509,0.9,'2018-03-18 17:31:32.173',2,21,288);
INSERT INTO `score` (`id`,`value`,`updated`,`judgeIndex`,`scoreGroupId`,`participantId`) VALUES (510,3.5,'2018-03-18 17:31:32.173',1,23,288);
INSERT INTO `score` (`id`,`value`,`updated`,`judgeIndex`,`scoreGroupId`,`participantId`) VALUES (511,3.5,'2018-03-18 17:31:32.173',2,23,288);
INSERT INTO `score` (`id`,`value`,`updated`,`judgeIndex`,`scoreGroupId`,`participantId`) VALUES (512,3.4,'2018-03-18 17:31:32.173',1,22,288);
INSERT INTO `score` (`id`,`value`,`updated`,`judgeIndex`,`scoreGroupId`,`participantId`) VALUES (513,3.4,'2018-03-18 17:31:32.173',2,22,288);
INSERT INTO `score` (`id`,`value`,`updated`,`judgeIndex`,`scoreGroupId`,`participantId`) VALUES (514,0,'2018-03-18 17:31:32.173',1,24,288);
INSERT INTO `score` (`id`,`value`,`updated`,`judgeIndex`,`scoreGroupId`,`participantId`) VALUES (515,1.7,'2018-03-18 17:34:39.853',1,17,289);
INSERT INTO `score` (`id`,`value`,`updated`,`judgeIndex`,`scoreGroupId`,`participantId`) VALUES (516,2.75,'2018-03-18 17:34:39.853',1,19,289);
INSERT INTO `score` (`id`,`value`,`updated`,`judgeIndex`,`scoreGroupId`,`participantId`) VALUES (517,4.2,'2018-03-18 17:34:39.853',1,18,289);
INSERT INTO `score` (`id`,`value`,`updated`,`judgeIndex`,`scoreGroupId`,`participantId`) VALUES (518,4.2,'2018-03-18 17:34:39.853',2,18,289);
INSERT INTO `score` (`id`,`value`,`updated`,`judgeIndex`,`scoreGroupId`,`participantId`) VALUES (519,0,'2018-03-18 17:34:39.853',1,20,289);
INSERT INTO `score` (`id`,`value`,`updated`,`judgeIndex`,`scoreGroupId`,`participantId`) VALUES (520,1.6,'2018-03-18 17:35:42.661',1,21,316);
INSERT INTO `score` (`id`,`value`,`updated`,`judgeIndex`,`scoreGroupId`,`participantId`) VALUES (521,1.6,'2018-03-18 17:35:42.661',2,21,316);
INSERT INTO `score` (`id`,`value`,`updated`,`judgeIndex`,`scoreGroupId`,`participantId`) VALUES (522,5.1,'2018-03-18 17:35:42.661',1,23,316);
INSERT INTO `score` (`id`,`value`,`updated`,`judgeIndex`,`scoreGroupId`,`participantId`) VALUES (523,5.1,'2018-03-18 17:35:42.661',2,23,316);
INSERT INTO `score` (`id`,`value`,`updated`,`judgeIndex`,`scoreGroupId`,`participantId`) VALUES (524,7.3,'2018-03-18 17:35:42.661',1,22,316);
INSERT INTO `score` (`id`,`value`,`updated`,`judgeIndex`,`scoreGroupId`,`participantId`) VALUES (525,7.3,'2018-03-18 17:35:42.661',2,22,316);
INSERT INTO `score` (`id`,`value`,`updated`,`judgeIndex`,`scoreGroupId`,`participantId`) VALUES (526,0,'2018-03-18 17:35:42.661',1,24,316);
INSERT INTO `score` (`id`,`value`,`updated`,`judgeIndex`,`scoreGroupId`,`participantId`) VALUES (527,1.7,'2018-03-18 17:39:53.310',1,17,286);
INSERT INTO `score` (`id`,`value`,`updated`,`judgeIndex`,`scoreGroupId`,`participantId`) VALUES (528,3.05,'2018-03-18 17:39:53.310',1,19,286);
INSERT INTO `score` (`id`,`value`,`updated`,`judgeIndex`,`scoreGroupId`,`participantId`) VALUES (529,2.6,'2018-03-18 17:39:53.310',1,18,286);
INSERT INTO `score` (`id`,`value`,`updated`,`judgeIndex`,`scoreGroupId`,`participantId`) VALUES (530,2.6,'2018-03-18 17:39:53.310',2,18,286);
INSERT INTO `score` (`id`,`value`,`updated`,`judgeIndex`,`scoreGroupId`,`participantId`) VALUES (531,0,'2018-03-18 17:39:53.310',1,20,286);
INSERT INTO `score` (`id`,`value`,`updated`,`judgeIndex`,`scoreGroupId`,`participantId`) VALUES (532,0.7,'2018-03-18 17:42:44.869',1,21,287);
INSERT INTO `score` (`id`,`value`,`updated`,`judgeIndex`,`scoreGroupId`,`participantId`) VALUES (533,0.7,'2018-03-18 17:42:44.869',2,21,287);
INSERT INTO `score` (`id`,`value`,`updated`,`judgeIndex`,`scoreGroupId`,`participantId`) VALUES (534,3,'2018-03-18 17:42:44.869',1,23,287);
INSERT INTO `score` (`id`,`value`,`updated`,`judgeIndex`,`scoreGroupId`,`participantId`) VALUES (535,3,'2018-03-18 17:42:44.869',2,23,287);
INSERT INTO `score` (`id`,`value`,`updated`,`judgeIndex`,`scoreGroupId`,`participantId`) VALUES (536,5,'2018-03-18 17:42:44.869',1,22,287);
INSERT INTO `score` (`id`,`value`,`updated`,`judgeIndex`,`scoreGroupId`,`participantId`) VALUES (537,5,'2018-03-18 17:42:44.869',2,22,287);
INSERT INTO `score` (`id`,`value`,`updated`,`judgeIndex`,`scoreGroupId`,`participantId`) VALUES (538,0,'2018-03-18 17:42:44.869',1,24,287);

INSERT INTO `score_group` (`id`,`name`,`type`,`operation`,`max`,`min`,`disciplineId`) VALUES (13,'Composition','C',1,5,0,4);
INSERT INTO `score_group` (`id`,`name`,`type`,`operation`,`max`,`min`,`disciplineId`) VALUES (14,'Execution','E',1,10,0,4);
INSERT INTO `score_group` (`id`,`name`,`type`,`operation`,`max`,`min`,`disciplineId`) VALUES (15,'Difficulty','D',1,5,0,4);
INSERT INTO `score_group` (`id`,`name`,`type`,`operation`,`max`,`min`,`disciplineId`) VALUES (16,'Adjustments','OD',2,5,0,4);
INSERT INTO `score_group` (`id`,`name`,`type`,`operation`,`max`,`min`,`disciplineId`) VALUES (17,'Composition','C',1,5,0,5);
INSERT INTO `score_group` (`id`,`name`,`type`,`operation`,`max`,`min`,`disciplineId`) VALUES (18,'Execution','E',1,10,0,5);
INSERT INTO `score_group` (`id`,`name`,`type`,`operation`,`max`,`min`,`disciplineId`) VALUES (19,'Difficulty','D',1,5,0,5);
INSERT INTO `score_group` (`id`,`name`,`type`,`operation`,`max`,`min`,`disciplineId`) VALUES (20,'Adjustments','OD',2,5,0,5);
INSERT INTO `score_group` (`id`,`name`,`type`,`operation`,`max`,`min`,`disciplineId`) VALUES (21,'Composition','C',1,5,0,6);
INSERT INTO `score_group` (`id`,`name`,`type`,`operation`,`max`,`min`,`disciplineId`) VALUES (22,'Execution','E',1,10,0,6);
INSERT INTO `score_group` (`id`,`name`,`type`,`operation`,`max`,`min`,`disciplineId`) VALUES (23,'Difficulty','D',1,5,0,6);
INSERT INTO `score_group` (`id`,`name`,`type`,`operation`,`max`,`min`,`disciplineId`) VALUES (24,'Adjustments','OD',2,5,0,6);

INSERT INTO `judge_in_score_group` (`scoreGroupId`,`judgeId`,`sortNumber`) VALUES (13,2,0);
INSERT INTO `judge_in_score_group` (`scoreGroupId`,`judgeId`,`sortNumber`) VALUES (13,3,1);
INSERT INTO `judge_in_score_group` (`scoreGroupId`,`judgeId`,`sortNumber`) VALUES (14,4,0);
INSERT INTO `judge_in_score_group` (`scoreGroupId`,`judgeId`,`sortNumber`) VALUES (14,5,1);
INSERT INTO `judge_in_score_group` (`scoreGroupId`,`judgeId`,`sortNumber`) VALUES (14,6,2);
INSERT INTO `judge_in_score_group` (`scoreGroupId`,`judgeId`,`sortNumber`) VALUES (15,7,0);
INSERT INTO `judge_in_score_group` (`scoreGroupId`,`judgeId`,`sortNumber`) VALUES (15,8,1);
INSERT INTO `judge_in_score_group` (`scoreGroupId`,`judgeId`,`sortNumber`) VALUES (16,9,0);
INSERT INTO `judge_in_score_group` (`scoreGroupId`,`judgeId`,`sortNumber`) VALUES (17,8,0);
INSERT INTO `judge_in_score_group` (`scoreGroupId`,`judgeId`,`sortNumber`) VALUES (18,2,0);
INSERT INTO `judge_in_score_group` (`scoreGroupId`,`judgeId`,`sortNumber`) VALUES (18,4,1);
INSERT INTO `judge_in_score_group` (`scoreGroupId`,`judgeId`,`sortNumber`) VALUES (19,8,0);
INSERT INTO `judge_in_score_group` (`scoreGroupId`,`judgeId`,`sortNumber`) VALUES (20,9,0);
INSERT INTO `judge_in_score_group` (`scoreGroupId`,`judgeId`,`sortNumber`) VALUES (21,5,0);
INSERT INTO `judge_in_score_group` (`scoreGroupId`,`judgeId`,`sortNumber`) VALUES (21,6,1);
INSERT INTO `judge_in_score_group` (`scoreGroupId`,`judgeId`,`sortNumber`) VALUES (22,3,0);
INSERT INTO `judge_in_score_group` (`scoreGroupId`,`judgeId`,`sortNumber`) VALUES (22,7,1);
INSERT INTO `judge_in_score_group` (`scoreGroupId`,`judgeId`,`sortNumber`) VALUES (23,5,0);
INSERT INTO `judge_in_score_group` (`scoreGroupId`,`judgeId`,`sortNumber`) VALUES (23,6,1);
INSERT INTO `judge_in_score_group` (`scoreGroupId`,`judgeId`,`sortNumber`) VALUES (24,9,0);

INSERT INTO `team` (`id`,`name`,`class`,`clubId`,`tournamentId`) VALUES (9,'Bjørn Isak Hansen',2,1,1);
INSERT INTO `team` (`id`,`name`,`class`,`clubId`,`tournamentId`) VALUES (10,'Andreas Davidsen Finne',2,1,1);
INSERT INTO `team` (`id`,`name`,`class`,`clubId`,`tournamentId`) VALUES (11,'Leon Johnsen',2,1,1);
INSERT INTO `team` (`id`,`name`,`class`,`clubId`,`tournamentId`) VALUES (12,'Mathias Hagen',2,1,1);
INSERT INTO `team` (`id`,`name`,`class`,`clubId`,`tournamentId`) VALUES (13,'Henrik Kyvik Mittet',2,1,1);
INSERT INTO `team` (`id`,`name`,`class`,`clubId`,`tournamentId`) VALUES (14,'Torstein Røthing Østensjø',2,1,1);
INSERT INTO `team` (`id`,`name`,`class`,`clubId`,`tournamentId`) VALUES (15,'Tobias Sandal Sandvik',2,1,1);
INSERT INTO `team` (`id`,`name`,`class`,`clubId`,`tournamentId`) VALUES (16,'Karsten Skaar Hansen',2,1,1);
INSERT INTO `team` (`id`,`name`,`class`,`clubId`,`tournamentId`) VALUES (17,'Oskar Tomasz Witkowski',2,1,1);
INSERT INTO `team` (`id`,`name`,`class`,`clubId`,`tournamentId`) VALUES (18,'Joakim Schonningsen',2,1,1);
INSERT INTO `team` (`id`,`name`,`class`,`clubId`,`tournamentId`) VALUES (19,'Rolf Thomas Grindhaug',2,1,1);
INSERT INTO `team` (`id`,`name`,`class`,`clubId`,`tournamentId`) VALUES (20,'Truls Alvar Sveindal',2,1,1);
INSERT INTO `team` (`id`,`name`,`class`,`clubId`,`tournamentId`) VALUES (21,'Vilde Sofie Korneliussen',2,1,1);
INSERT INTO `team` (`id`,`name`,`class`,`clubId`,`tournamentId`) VALUES (22,'Madeleine Normark Bjelland',2,1,1);
INSERT INTO `team` (`id`,`name`,`class`,`clubId`,`tournamentId`) VALUES (23,'Kasper Stokkenes',2,1,1);
INSERT INTO `team` (`id`,`name`,`class`,`clubId`,`tournamentId`) VALUES (24,'Frida Eikeskog',2,1,1);
INSERT INTO `team` (`id`,`name`,`class`,`clubId`,`tournamentId`) VALUES (25,'Marius Reksten Ringen',2,1,1);
INSERT INTO `team` (`id`,`name`,`class`,`clubId`,`tournamentId`) VALUES (26,'Marius Larsen Sakkestad',2,1,1);
INSERT INTO `team` (`id`,`name`,`class`,`clubId`,`tournamentId`) VALUES (27,'Jørgen Fosen Persson',2,1,1);
INSERT INTO `team` (`id`,`name`,`class`,`clubId`,`tournamentId`) VALUES (28,'Sverre Normann Hansen',2,1,1);
INSERT INTO `team` (`id`,`name`,`class`,`clubId`,`tournamentId`) VALUES (29,'Caroline Madsen',2,1,1);
INSERT INTO `team` (`id`,`name`,`class`,`clubId`,`tournamentId`) VALUES (30,'Tor Nedland Skogland',2,1,1);
INSERT INTO `team` (`id`,`name`,`class`,`clubId`,`tournamentId`) VALUES (31,'Skage Lysgaard',2,1,1);
INSERT INTO `team` (`id`,`name`,`class`,`clubId`,`tournamentId`) VALUES (32,'Benedikte Gundersen',2,1,1);
INSERT INTO `team` (`id`,`name`,`class`,`clubId`,`tournamentId`) VALUES (33,'Magnus Liabø',2,1,1);
INSERT INTO `team` (`id`,`name`,`class`,`clubId`,`tournamentId`) VALUES (34,'Alva Ø. Røthing',2,1,1);
INSERT INTO `team` (`id`,`name`,`class`,`clubId`,`tournamentId`) VALUES (35,'Ariel Christensen',2,1,1);
INSERT INTO `team` (`id`,`name`,`class`,`clubId`,`tournamentId`) VALUES (36,'Iben Sofie Støyva',2,1,1);
INSERT INTO `team` (`id`,`name`,`class`,`clubId`,`tournamentId`) VALUES (37,'Per Gunnar Westerlund',2,1,1);
INSERT INTO `team` (`id`,`name`,`class`,`clubId`,`tournamentId`) VALUES (38,'Sigrid Dybvik Ekrene',2,1,1);
INSERT INTO `team` (`id`,`name`,`class`,`clubId`,`tournamentId`) VALUES (39,'Victoria Høie Olsen',2,1,1);
INSERT INTO `team` (`id`,`name`,`class`,`clubId`,`tournamentId`) VALUES (40,'Tiril Danielsen',2,1,1);
INSERT INTO `team` (`id`,`name`,`class`,`clubId`,`tournamentId`) VALUES (41,'Elina Rønningen',2,1,1);
INSERT INTO `team` (`id`,`name`,`class`,`clubId`,`tournamentId`) VALUES (42,'Mira Bjelland Amundsen',2,1,1);
INSERT INTO `team` (`id`,`name`,`class`,`clubId`,`tournamentId`) VALUES (43,'Torkatla Gydja Armannsdottir',2,1,1);
INSERT INTO `team` (`id`,`name`,`class`,`clubId`,`tournamentId`) VALUES (46,'Emilie Bratvold',2,1,1);
INSERT INTO `team` (`id`,`name`,`class`,`clubId`,`tournamentId`) VALUES (47,'Anna Elisabeth Røgenes',2,1,1);
INSERT INTO `team` (`id`,`name`,`class`,`clubId`,`tournamentId`) VALUES (49,'Tor Nedland Skogland Sr',2,1,1);
INSERT INTO `team` (`id`,`name`,`class`,`clubId`,`tournamentId`) VALUES (50,'Skage Lysgaard Sr',2,1,1);
INSERT INTO `team` (`id`,`name`,`class`,`clubId`,`tournamentId`) VALUES (51,'Magnus Liabø Sr',2,1,1);
INSERT INTO `team` (`id`,`name`,`class`,`clubId`,`tournamentId`) VALUES (52,'Theo Salt Hoft',2,1,1);
INSERT INTO `team` (`id`,`name`,`class`,`clubId`,`tournamentId`) VALUES (53,'Jesper O. Danielsen',2,1,1);
INSERT INTO `team` (`id`,`name`,`class`,`clubId`,`tournamentId`) VALUES (54,'Amalie Skogen',2,1,1);
INSERT INTO `team` (`id`,`name`,`class`,`clubId`,`tournamentId`) VALUES (55,'Sofia Meland',2,1,1);
INSERT INTO `team` (`id`,`name`,`class`,`clubId`,`tournamentId`) VALUES (56,'Julie Kallevik Melbo',1,1,1);
INSERT INTO `team` (`id`,`name`,`class`,`clubId`,`tournamentId`) VALUES (57,'Sola-r1',2,8,2);
INSERT INTO `team` (`id`,`name`,`class`,`clubId`,`tournamentId`) VALUES (58,'Sola-r2',2,8,2);
INSERT INTO `team` (`id`,`name`,`class`,`clubId`,`tournamentId`) VALUES (59,'Sola-r3',2,8,2);
INSERT INTO `team` (`id`,`name`,`class`,`clubId`,`tournamentId`) VALUES (60,'Sola-r4',2,8,2);
INSERT INTO `team` (`id`,`name`,`class`,`clubId`,`tournamentId`) VALUES (61,'Sola-r5',2,8,2);
INSERT INTO `team` (`id`,`name`,`class`,`clubId`,`tournamentId`) VALUES (62,'Sola-r6',2,8,2);
INSERT INTO `team` (`id`,`name`,`class`,`clubId`,`tournamentId`) VALUES (63,'Sola-jrk',2,8,2);
INSERT INTO `team` (`id`,`name`,`class`,`clubId`,`tournamentId`) VALUES (64,'Sola-jrm1',2,8,2);
INSERT INTO `team` (`id`,`name`,`class`,`clubId`,`tournamentId`) VALUES (65,'Sola-jrm2',2,8,2);
INSERT INTO `team` (`id`,`name`,`class`,`clubId`,`tournamentId`) VALUES (66,'Sola-jrm3',2,8,2);
INSERT INTO `team` (`id`,`name`,`class`,`clubId`,`tournamentId`) VALUES (67,'Sola-srm',2,8,2);
INSERT INTO `team` (`id`,`name`,`class`,`clubId`,`tournamentId`) VALUES (68,'Sandved-r1',2,7,2);
INSERT INTO `team` (`id`,`name`,`class`,`clubId`,`tournamentId`) VALUES (69,'Sandved-r2',2,7,2);
INSERT INTO `team` (`id`,`name`,`class`,`clubId`,`tournamentId`) VALUES (70,'Sandved-jr',2,7,2);
INSERT INTO `team` (`id`,`name`,`class`,`clubId`,`tournamentId`) VALUES (71,'Ålgård-r1',2,6,2);
INSERT INTO `team` (`id`,`name`,`class`,`clubId`,`tournamentId`) VALUES (72,'Ålgård-r2',2,6,2);
INSERT INTO `team` (`id`,`name`,`class`,`clubId`,`tournamentId`) VALUES (73,'Ålgård-r3',2,6,2);
INSERT INTO `team` (`id`,`name`,`class`,`clubId`,`tournamentId`) VALUES (74,'Ålgård-jrk',2,6,2);
INSERT INTO `team` (`id`,`name`,`class`,`clubId`,`tournamentId`) VALUES (75,'Sandnes-a',2,5,2);
INSERT INTO `team` (`id`,`name`,`class`,`clubId`,`tournamentId`) VALUES (76,'Sandnes-r1',2,5,2);
INSERT INTO `team` (`id`,`name`,`class`,`clubId`,`tournamentId`) VALUES (77,'Sandnes-r2',2,5,2);
INSERT INTO `team` (`id`,`name`,`class`,`clubId`,`tournamentId`) VALUES (78,'Sandnes-r3',2,5,2);
INSERT INTO `team` (`id`,`name`,`class`,`clubId`,`tournamentId`) VALUES (79,'Sandnes-r4',2,5,2);
INSERT INTO `team` (`id`,`name`,`class`,`clubId`,`tournamentId`) VALUES (80,'Sandnes-jrk1',2,5,2);
INSERT INTO `team` (`id`,`name`,`class`,`clubId`,`tournamentId`) VALUES (81,'Sandnes-jrk2',2,5,2);
INSERT INTO `team` (`id`,`name`,`class`,`clubId`,`tournamentId`) VALUES (82,'Sandnes-jrk3',2,5,2);
INSERT INTO `team` (`id`,`name`,`class`,`clubId`,`tournamentId`) VALUES (83,'Sandnes-jrm1',2,5,2);
INSERT INTO `team` (`id`,`name`,`class`,`clubId`,`tournamentId`) VALUES (84,'Sandnes-jrm2',2,5,2);
INSERT INTO `team` (`id`,`name`,`class`,`clubId`,`tournamentId`) VALUES (85,'Sandnes-jrh',2,5,2);
INSERT INTO `team` (`id`,`name`,`class`,`clubId`,`tournamentId`) VALUES (86,'Sandnes-sr',2,5,2);
INSERT INTO `team` (`id`,`name`,`class`,`clubId`,`tournamentId`) VALUES (87,'Randaberg-r',2,4,2);
INSERT INTO `team` (`id`,`name`,`class`,`clubId`,`tournamentId`) VALUES (88,'Randaberg-jr',2,4,2);
INSERT INTO `team` (`id`,`name`,`class`,`clubId`,`tournamentId`) VALUES (89,'Stavanger-a',2,3,2);
INSERT INTO `team` (`id`,`name`,`class`,`clubId`,`tournamentId`) VALUES (90,'Stavanger-r1',2,3,2);
INSERT INTO `team` (`id`,`name`,`class`,`clubId`,`tournamentId`) VALUES (91,'Stavanger-jrk',2,3,2);
INSERT INTO `team` (`id`,`name`,`class`,`clubId`,`tournamentId`) VALUES (92,'Stavanger-r2',2,3,2);
INSERT INTO `team` (`id`,`name`,`class`,`clubId`,`tournamentId`) VALUES (93,'Stavanger-jrm',2,3,2);
INSERT INTO `team` (`id`,`name`,`class`,`clubId`,`tournamentId`) VALUES (94,'Haugesund-a1',2,1,2);
INSERT INTO `team` (`id`,`name`,`class`,`clubId`,`tournamentId`) VALUES (95,'Haugesund-a2',2,1,2);
INSERT INTO `team` (`id`,`name`,`class`,`clubId`,`tournamentId`) VALUES (96,'Haugesund-r1',2,1,2);
INSERT INTO `team` (`id`,`name`,`class`,`clubId`,`tournamentId`) VALUES (97,'Haugesund-r2',2,1,2);
INSERT INTO `team` (`id`,`name`,`class`,`clubId`,`tournamentId`) VALUES (98,'Haugesund-jrk',2,1,2);
INSERT INTO `team` (`id`,`name`,`class`,`clubId`,`tournamentId`) VALUES (99,'Haugesund-jrh',2,1,2);
INSERT INTO `team` (`id`,`name`,`class`,`clubId`,`tournamentId`) VALUES (100,'Haugesund-jrm',2,1,2);
INSERT INTO `team` (`id`,`name`,`class`,`clubId`,`tournamentId`) VALUES (101,'Haugesund-srm',2,1,2);
INSERT INTO `team` (`id`,`name`,`class`,`clubId`,`tournamentId`) VALUES (102,'Haugesund-tg',1,1,2);
INSERT INTO `team` (`id`,`name`,`class`,`clubId`,`tournamentId`) VALUES (103,'Sandved-jrk-tg',1,7,2);

INSERT INTO `team_disciplines_discipline_id` (`teamId`,`disciplineId`) VALUES (57,4);
INSERT INTO `team_disciplines_discipline_id` (`teamId`,`disciplineId`) VALUES (63,4);
INSERT INTO `team_disciplines_discipline_id` (`teamId`,`disciplineId`) VALUES (70,4);
INSERT INTO `team_disciplines_discipline_id` (`teamId`,`disciplineId`) VALUES (80,4);
INSERT INTO `team_disciplines_discipline_id` (`teamId`,`disciplineId`) VALUES (81,4);
INSERT INTO `team_disciplines_discipline_id` (`teamId`,`disciplineId`) VALUES (83,4);
INSERT INTO `team_disciplines_discipline_id` (`teamId`,`disciplineId`) VALUES (85,4);
INSERT INTO `team_disciplines_discipline_id` (`teamId`,`disciplineId`) VALUES (96,4);
INSERT INTO `team_disciplines_discipline_id` (`teamId`,`disciplineId`) VALUES (100,4);
INSERT INTO `team_disciplines_discipline_id` (`teamId`,`disciplineId`) VALUES (102,4);
INSERT INTO `team_disciplines_discipline_id` (`teamId`,`disciplineId`) VALUES (103,4);
INSERT INTO `team_disciplines_discipline_id` (`teamId`,`disciplineId`) VALUES (57,5);
INSERT INTO `team_disciplines_discipline_id` (`teamId`,`disciplineId`) VALUES (58,5);
INSERT INTO `team_disciplines_discipline_id` (`teamId`,`disciplineId`) VALUES (59,5);
INSERT INTO `team_disciplines_discipline_id` (`teamId`,`disciplineId`) VALUES (60,5);
INSERT INTO `team_disciplines_discipline_id` (`teamId`,`disciplineId`) VALUES (61,5);
INSERT INTO `team_disciplines_discipline_id` (`teamId`,`disciplineId`) VALUES (62,5);
INSERT INTO `team_disciplines_discipline_id` (`teamId`,`disciplineId`) VALUES (64,5);
INSERT INTO `team_disciplines_discipline_id` (`teamId`,`disciplineId`) VALUES (65,5);
INSERT INTO `team_disciplines_discipline_id` (`teamId`,`disciplineId`) VALUES (66,5);
INSERT INTO `team_disciplines_discipline_id` (`teamId`,`disciplineId`) VALUES (67,5);
INSERT INTO `team_disciplines_discipline_id` (`teamId`,`disciplineId`) VALUES (68,5);
INSERT INTO `team_disciplines_discipline_id` (`teamId`,`disciplineId`) VALUES (69,5);
INSERT INTO `team_disciplines_discipline_id` (`teamId`,`disciplineId`) VALUES (70,5);
INSERT INTO `team_disciplines_discipline_id` (`teamId`,`disciplineId`) VALUES (71,5);
INSERT INTO `team_disciplines_discipline_id` (`teamId`,`disciplineId`) VALUES (72,5);
INSERT INTO `team_disciplines_discipline_id` (`teamId`,`disciplineId`) VALUES (73,5);
INSERT INTO `team_disciplines_discipline_id` (`teamId`,`disciplineId`) VALUES (74,5);
INSERT INTO `team_disciplines_discipline_id` (`teamId`,`disciplineId`) VALUES (75,5);
INSERT INTO `team_disciplines_discipline_id` (`teamId`,`disciplineId`) VALUES (76,5);
INSERT INTO `team_disciplines_discipline_id` (`teamId`,`disciplineId`) VALUES (77,5);
INSERT INTO `team_disciplines_discipline_id` (`teamId`,`disciplineId`) VALUES (78,5);
INSERT INTO `team_disciplines_discipline_id` (`teamId`,`disciplineId`) VALUES (79,5);
INSERT INTO `team_disciplines_discipline_id` (`teamId`,`disciplineId`) VALUES (80,5);
INSERT INTO `team_disciplines_discipline_id` (`teamId`,`disciplineId`) VALUES (81,5);
INSERT INTO `team_disciplines_discipline_id` (`teamId`,`disciplineId`) VALUES (82,5);
INSERT INTO `team_disciplines_discipline_id` (`teamId`,`disciplineId`) VALUES (83,5);
INSERT INTO `team_disciplines_discipline_id` (`teamId`,`disciplineId`) VALUES (84,5);
INSERT INTO `team_disciplines_discipline_id` (`teamId`,`disciplineId`) VALUES (85,5);
INSERT INTO `team_disciplines_discipline_id` (`teamId`,`disciplineId`) VALUES (86,5);
INSERT INTO `team_disciplines_discipline_id` (`teamId`,`disciplineId`) VALUES (87,5);
INSERT INTO `team_disciplines_discipline_id` (`teamId`,`disciplineId`) VALUES (88,5);
INSERT INTO `team_disciplines_discipline_id` (`teamId`,`disciplineId`) VALUES (89,5);
INSERT INTO `team_disciplines_discipline_id` (`teamId`,`disciplineId`) VALUES (90,5);
INSERT INTO `team_disciplines_discipline_id` (`teamId`,`disciplineId`) VALUES (91,5);
INSERT INTO `team_disciplines_discipline_id` (`teamId`,`disciplineId`) VALUES (92,5);
INSERT INTO `team_disciplines_discipline_id` (`teamId`,`disciplineId`) VALUES (93,5);
INSERT INTO `team_disciplines_discipline_id` (`teamId`,`disciplineId`) VALUES (94,5);
INSERT INTO `team_disciplines_discipline_id` (`teamId`,`disciplineId`) VALUES (95,5);
INSERT INTO `team_disciplines_discipline_id` (`teamId`,`disciplineId`) VALUES (96,5);
INSERT INTO `team_disciplines_discipline_id` (`teamId`,`disciplineId`) VALUES (97,5);
INSERT INTO `team_disciplines_discipline_id` (`teamId`,`disciplineId`) VALUES (98,5);
INSERT INTO `team_disciplines_discipline_id` (`teamId`,`disciplineId`) VALUES (99,5);
INSERT INTO `team_disciplines_discipline_id` (`teamId`,`disciplineId`) VALUES (100,5);
INSERT INTO `team_disciplines_discipline_id` (`teamId`,`disciplineId`) VALUES (101,5);
INSERT INTO `team_disciplines_discipline_id` (`teamId`,`disciplineId`) VALUES (102,5);
INSERT INTO `team_disciplines_discipline_id` (`teamId`,`disciplineId`) VALUES (103,5);
INSERT INTO `team_disciplines_discipline_id` (`teamId`,`disciplineId`) VALUES (57,6);
INSERT INTO `team_disciplines_discipline_id` (`teamId`,`disciplineId`) VALUES (58,6);
INSERT INTO `team_disciplines_discipline_id` (`teamId`,`disciplineId`) VALUES (59,6);
INSERT INTO `team_disciplines_discipline_id` (`teamId`,`disciplineId`) VALUES (60,6);
INSERT INTO `team_disciplines_discipline_id` (`teamId`,`disciplineId`) VALUES (61,6);
INSERT INTO `team_disciplines_discipline_id` (`teamId`,`disciplineId`) VALUES (62,6);
INSERT INTO `team_disciplines_discipline_id` (`teamId`,`disciplineId`) VALUES (64,6);
INSERT INTO `team_disciplines_discipline_id` (`teamId`,`disciplineId`) VALUES (65,6);
INSERT INTO `team_disciplines_discipline_id` (`teamId`,`disciplineId`) VALUES (66,6);
INSERT INTO `team_disciplines_discipline_id` (`teamId`,`disciplineId`) VALUES (67,6);
INSERT INTO `team_disciplines_discipline_id` (`teamId`,`disciplineId`) VALUES (68,6);
INSERT INTO `team_disciplines_discipline_id` (`teamId`,`disciplineId`) VALUES (69,6);
INSERT INTO `team_disciplines_discipline_id` (`teamId`,`disciplineId`) VALUES (70,6);
INSERT INTO `team_disciplines_discipline_id` (`teamId`,`disciplineId`) VALUES (71,6);
INSERT INTO `team_disciplines_discipline_id` (`teamId`,`disciplineId`) VALUES (72,6);
INSERT INTO `team_disciplines_discipline_id` (`teamId`,`disciplineId`) VALUES (73,6);
INSERT INTO `team_disciplines_discipline_id` (`teamId`,`disciplineId`) VALUES (74,6);
INSERT INTO `team_disciplines_discipline_id` (`teamId`,`disciplineId`) VALUES (75,6);
INSERT INTO `team_disciplines_discipline_id` (`teamId`,`disciplineId`) VALUES (76,6);
INSERT INTO `team_disciplines_discipline_id` (`teamId`,`disciplineId`) VALUES (77,6);
INSERT INTO `team_disciplines_discipline_id` (`teamId`,`disciplineId`) VALUES (78,6);
INSERT INTO `team_disciplines_discipline_id` (`teamId`,`disciplineId`) VALUES (79,6);
INSERT INTO `team_disciplines_discipline_id` (`teamId`,`disciplineId`) VALUES (80,6);
INSERT INTO `team_disciplines_discipline_id` (`teamId`,`disciplineId`) VALUES (81,6);
INSERT INTO `team_disciplines_discipline_id` (`teamId`,`disciplineId`) VALUES (82,6);
INSERT INTO `team_disciplines_discipline_id` (`teamId`,`disciplineId`) VALUES (83,6);
INSERT INTO `team_disciplines_discipline_id` (`teamId`,`disciplineId`) VALUES (84,6);
INSERT INTO `team_disciplines_discipline_id` (`teamId`,`disciplineId`) VALUES (85,6);
INSERT INTO `team_disciplines_discipline_id` (`teamId`,`disciplineId`) VALUES (86,6);
INSERT INTO `team_disciplines_discipline_id` (`teamId`,`disciplineId`) VALUES (87,6);
INSERT INTO `team_disciplines_discipline_id` (`teamId`,`disciplineId`) VALUES (88,6);
INSERT INTO `team_disciplines_discipline_id` (`teamId`,`disciplineId`) VALUES (89,6);
INSERT INTO `team_disciplines_discipline_id` (`teamId`,`disciplineId`) VALUES (90,6);
INSERT INTO `team_disciplines_discipline_id` (`teamId`,`disciplineId`) VALUES (91,6);
INSERT INTO `team_disciplines_discipline_id` (`teamId`,`disciplineId`) VALUES (92,6);
INSERT INTO `team_disciplines_discipline_id` (`teamId`,`disciplineId`) VALUES (93,6);
INSERT INTO `team_disciplines_discipline_id` (`teamId`,`disciplineId`) VALUES (94,6);
INSERT INTO `team_disciplines_discipline_id` (`teamId`,`disciplineId`) VALUES (95,6);
INSERT INTO `team_disciplines_discipline_id` (`teamId`,`disciplineId`) VALUES (96,6);
INSERT INTO `team_disciplines_discipline_id` (`teamId`,`disciplineId`) VALUES (97,6);
INSERT INTO `team_disciplines_discipline_id` (`teamId`,`disciplineId`) VALUES (98,6);
INSERT INTO `team_disciplines_discipline_id` (`teamId`,`disciplineId`) VALUES (99,6);
INSERT INTO `team_disciplines_discipline_id` (`teamId`,`disciplineId`) VALUES (100,6);
INSERT INTO `team_disciplines_discipline_id` (`teamId`,`disciplineId`) VALUES (101,6);
INSERT INTO `team_disciplines_discipline_id` (`teamId`,`disciplineId`) VALUES (102,6);
INSERT INTO `team_disciplines_discipline_id` (`teamId`,`disciplineId`) VALUES (103,6);

INSERT INTO `team_divisions_division_id` (`teamId`,`divisionId`) VALUES (63,8);
INSERT INTO `team_divisions_division_id` (`teamId`,`divisionId`) VALUES (70,8);
INSERT INTO `team_divisions_division_id` (`teamId`,`divisionId`) VALUES (74,8);
INSERT INTO `team_divisions_division_id` (`teamId`,`divisionId`) VALUES (80,8);
INSERT INTO `team_divisions_division_id` (`teamId`,`divisionId`) VALUES (81,8);
INSERT INTO `team_divisions_division_id` (`teamId`,`divisionId`) VALUES (82,8);
INSERT INTO `team_divisions_division_id` (`teamId`,`divisionId`) VALUES (86,8);
INSERT INTO `team_divisions_division_id` (`teamId`,`divisionId`) VALUES (88,8);
INSERT INTO `team_divisions_division_id` (`teamId`,`divisionId`) VALUES (91,8);
INSERT INTO `team_divisions_division_id` (`teamId`,`divisionId`) VALUES (98,8);
INSERT INTO `team_divisions_division_id` (`teamId`,`divisionId`) VALUES (103,8);
INSERT INTO `team_divisions_division_id` (`teamId`,`divisionId`) VALUES (85,9);
INSERT INTO `team_divisions_division_id` (`teamId`,`divisionId`) VALUES (99,9);
INSERT INTO `team_divisions_division_id` (`teamId`,`divisionId`) VALUES (57,10);
INSERT INTO `team_divisions_division_id` (`teamId`,`divisionId`) VALUES (58,10);
INSERT INTO `team_divisions_division_id` (`teamId`,`divisionId`) VALUES (59,10);
INSERT INTO `team_divisions_division_id` (`teamId`,`divisionId`) VALUES (60,10);
INSERT INTO `team_divisions_division_id` (`teamId`,`divisionId`) VALUES (61,10);
INSERT INTO `team_divisions_division_id` (`teamId`,`divisionId`) VALUES (62,10);
INSERT INTO `team_divisions_division_id` (`teamId`,`divisionId`) VALUES (64,10);
INSERT INTO `team_divisions_division_id` (`teamId`,`divisionId`) VALUES (65,10);
INSERT INTO `team_divisions_division_id` (`teamId`,`divisionId`) VALUES (66,10);
INSERT INTO `team_divisions_division_id` (`teamId`,`divisionId`) VALUES (67,10);
INSERT INTO `team_divisions_division_id` (`teamId`,`divisionId`) VALUES (68,10);
INSERT INTO `team_divisions_division_id` (`teamId`,`divisionId`) VALUES (69,10);
INSERT INTO `team_divisions_division_id` (`teamId`,`divisionId`) VALUES (71,10);
INSERT INTO `team_divisions_division_id` (`teamId`,`divisionId`) VALUES (72,10);
INSERT INTO `team_divisions_division_id` (`teamId`,`divisionId`) VALUES (73,10);
INSERT INTO `team_divisions_division_id` (`teamId`,`divisionId`) VALUES (75,10);
INSERT INTO `team_divisions_division_id` (`teamId`,`divisionId`) VALUES (76,10);
INSERT INTO `team_divisions_division_id` (`teamId`,`divisionId`) VALUES (77,10);
INSERT INTO `team_divisions_division_id` (`teamId`,`divisionId`) VALUES (78,10);
INSERT INTO `team_divisions_division_id` (`teamId`,`divisionId`) VALUES (79,10);
INSERT INTO `team_divisions_division_id` (`teamId`,`divisionId`) VALUES (83,10);
INSERT INTO `team_divisions_division_id` (`teamId`,`divisionId`) VALUES (84,10);
INSERT INTO `team_divisions_division_id` (`teamId`,`divisionId`) VALUES (87,10);
INSERT INTO `team_divisions_division_id` (`teamId`,`divisionId`) VALUES (89,10);
INSERT INTO `team_divisions_division_id` (`teamId`,`divisionId`) VALUES (90,10);
INSERT INTO `team_divisions_division_id` (`teamId`,`divisionId`) VALUES (92,10);
INSERT INTO `team_divisions_division_id` (`teamId`,`divisionId`) VALUES (93,10);
INSERT INTO `team_divisions_division_id` (`teamId`,`divisionId`) VALUES (94,10);
INSERT INTO `team_divisions_division_id` (`teamId`,`divisionId`) VALUES (95,10);
INSERT INTO `team_divisions_division_id` (`teamId`,`divisionId`) VALUES (96,10);
INSERT INTO `team_divisions_division_id` (`teamId`,`divisionId`) VALUES (97,10);
INSERT INTO `team_divisions_division_id` (`teamId`,`divisionId`) VALUES (100,10);
INSERT INTO `team_divisions_division_id` (`teamId`,`divisionId`) VALUES (101,10);
INSERT INTO `team_divisions_division_id` (`teamId`,`divisionId`) VALUES (102,10);
INSERT INTO `team_divisions_division_id` (`teamId`,`divisionId`) VALUES (75,11);
INSERT INTO `team_divisions_division_id` (`teamId`,`divisionId`) VALUES (89,11);
INSERT INTO `team_divisions_division_id` (`teamId`,`divisionId`) VALUES (94,11);
INSERT INTO `team_divisions_division_id` (`teamId`,`divisionId`) VALUES (95,11);
INSERT INTO `team_divisions_division_id` (`teamId`,`divisionId`) VALUES (57,12);
INSERT INTO `team_divisions_division_id` (`teamId`,`divisionId`) VALUES (58,12);
INSERT INTO `team_divisions_division_id` (`teamId`,`divisionId`) VALUES (59,12);
INSERT INTO `team_divisions_division_id` (`teamId`,`divisionId`) VALUES (60,12);
INSERT INTO `team_divisions_division_id` (`teamId`,`divisionId`) VALUES (61,12);
INSERT INTO `team_divisions_division_id` (`teamId`,`divisionId`) VALUES (62,12);
INSERT INTO `team_divisions_division_id` (`teamId`,`divisionId`) VALUES (68,12);
INSERT INTO `team_divisions_division_id` (`teamId`,`divisionId`) VALUES (69,12);
INSERT INTO `team_divisions_division_id` (`teamId`,`divisionId`) VALUES (71,12);
INSERT INTO `team_divisions_division_id` (`teamId`,`divisionId`) VALUES (72,12);
INSERT INTO `team_divisions_division_id` (`teamId`,`divisionId`) VALUES (73,12);
INSERT INTO `team_divisions_division_id` (`teamId`,`divisionId`) VALUES (76,12);
INSERT INTO `team_divisions_division_id` (`teamId`,`divisionId`) VALUES (77,12);
INSERT INTO `team_divisions_division_id` (`teamId`,`divisionId`) VALUES (78,12);
INSERT INTO `team_divisions_division_id` (`teamId`,`divisionId`) VALUES (79,12);
INSERT INTO `team_divisions_division_id` (`teamId`,`divisionId`) VALUES (87,12);
INSERT INTO `team_divisions_division_id` (`teamId`,`divisionId`) VALUES (90,12);
INSERT INTO `team_divisions_division_id` (`teamId`,`divisionId`) VALUES (92,12);
INSERT INTO `team_divisions_division_id` (`teamId`,`divisionId`) VALUES (96,12);
INSERT INTO `team_divisions_division_id` (`teamId`,`divisionId`) VALUES (97,12);
INSERT INTO `team_divisions_division_id` (`teamId`,`divisionId`) VALUES (63,13);
INSERT INTO `team_divisions_division_id` (`teamId`,`divisionId`) VALUES (64,13);
INSERT INTO `team_divisions_division_id` (`teamId`,`divisionId`) VALUES (65,13);
INSERT INTO `team_divisions_division_id` (`teamId`,`divisionId`) VALUES (66,13);
INSERT INTO `team_divisions_division_id` (`teamId`,`divisionId`) VALUES (70,13);
INSERT INTO `team_divisions_division_id` (`teamId`,`divisionId`) VALUES (74,13);
INSERT INTO `team_divisions_division_id` (`teamId`,`divisionId`) VALUES (80,13);
INSERT INTO `team_divisions_division_id` (`teamId`,`divisionId`) VALUES (81,13);
INSERT INTO `team_divisions_division_id` (`teamId`,`divisionId`) VALUES (82,13);
INSERT INTO `team_divisions_division_id` (`teamId`,`divisionId`) VALUES (83,13);
INSERT INTO `team_divisions_division_id` (`teamId`,`divisionId`) VALUES (84,13);
INSERT INTO `team_divisions_division_id` (`teamId`,`divisionId`) VALUES (85,13);
INSERT INTO `team_divisions_division_id` (`teamId`,`divisionId`) VALUES (88,13);
INSERT INTO `team_divisions_division_id` (`teamId`,`divisionId`) VALUES (91,13);
INSERT INTO `team_divisions_division_id` (`teamId`,`divisionId`) VALUES (93,13);
INSERT INTO `team_divisions_division_id` (`teamId`,`divisionId`) VALUES (98,13);
INSERT INTO `team_divisions_division_id` (`teamId`,`divisionId`) VALUES (99,13);
INSERT INTO `team_divisions_division_id` (`teamId`,`divisionId`) VALUES (100,13);
INSERT INTO `team_divisions_division_id` (`teamId`,`divisionId`) VALUES (102,13);
INSERT INTO `team_divisions_division_id` (`teamId`,`divisionId`) VALUES (103,13);
INSERT INTO `team_divisions_division_id` (`teamId`,`divisionId`) VALUES (67,14);
INSERT INTO `team_divisions_division_id` (`teamId`,`divisionId`) VALUES (86,14);
INSERT INTO `team_divisions_division_id` (`teamId`,`divisionId`) VALUES (101,14);

INSERT INTO `team_in_discipline` (`id`,`startNumber`,`startTime`,`endTime`,`publishTime`,`type`,`tournamentId`,`disciplineId`,`teamId`,`sortNumber`,`markDeleted`) VALUES (225,0,'2018-03-18 11:56:45.000','2018-03-18 11:58:18.000','2018-03-18 13:03:44.000',2,2,4,57,0,0);
INSERT INTO `team_in_discipline` (`id`,`startNumber`,`startTime`,`endTime`,`publishTime`,`type`,`tournamentId`,`disciplineId`,`teamId`,`sortNumber`,`markDeleted`) VALUES (226,1,'2018-03-18 11:59:02.000','2018-03-18 12:01:05.000',NULL,2,2,5,89,1,0);
INSERT INTO `team_in_discipline` (`id`,`startNumber`,`startTime`,`endTime`,`publishTime`,`type`,`tournamentId`,`disciplineId`,`teamId`,`sortNumber`,`markDeleted`) VALUES (227,3,'2018-03-18 12:01:20.000','2018-03-18 12:12:10.000',NULL,2,2,6,75,3,0);
INSERT INTO `team_in_discipline` (`id`,`startNumber`,`startTime`,`endTime`,`publishTime`,`type`,`tournamentId`,`disciplineId`,`teamId`,`sortNumber`,`markDeleted`) VALUES (228,4,'2018-03-18 12:12:10.000','2018-03-18 12:12:18.000','2018-03-18 13:05:40.000',2,2,4,80,4,0);
INSERT INTO `team_in_discipline` (`id`,`startNumber`,`startTime`,`endTime`,`publishTime`,`type`,`tournamentId`,`disciplineId`,`teamId`,`sortNumber`,`markDeleted`) VALUES (229,5,'2018-03-18 12:12:18.000','2018-03-18 12:15:49.000',NULL,2,2,5,94,5,0);
INSERT INTO `team_in_discipline` (`id`,`startNumber`,`startTime`,`endTime`,`publishTime`,`type`,`tournamentId`,`disciplineId`,`teamId`,`sortNumber`,`markDeleted`) VALUES (230,7,'2018-03-18 12:15:55.000','2018-03-18 12:15:55.000',NULL,2,2,6,95,7,0);
INSERT INTO `team_in_discipline` (`id`,`startNumber`,`startTime`,`endTime`,`publishTime`,`type`,`tournamentId`,`disciplineId`,`teamId`,`sortNumber`,`markDeleted`) VALUES (231,15,'2018-03-18 12:21:21.000','2018-03-18 12:27:22.000',NULL,2,2,6,94,15,0);
INSERT INTO `team_in_discipline` (`id`,`startNumber`,`startTime`,`endTime`,`publishTime`,`type`,`tournamentId`,`disciplineId`,`teamId`,`sortNumber`,`markDeleted`) VALUES (232,13,'2018-03-18 12:18:28.000','2018-03-18 12:18:34.000',NULL,2,2,5,95,13,0);
INSERT INTO `team_in_discipline` (`id`,`startNumber`,`startTime`,`endTime`,`publishTime`,`type`,`tournamentId`,`disciplineId`,`teamId`,`sortNumber`,`markDeleted`) VALUES (233,9,'2018-03-18 12:16:08.000','2018-03-18 12:18:00.000',NULL,2,2,5,75,9,0);
INSERT INTO `team_in_discipline` (`id`,`startNumber`,`startTime`,`endTime`,`publishTime`,`type`,`tournamentId`,`disciplineId`,`teamId`,`sortNumber`,`markDeleted`) VALUES (234,11,'2018-03-18 12:18:09.000','2018-03-18 12:18:21.000',NULL,2,2,6,89,11,0);
INSERT INTO `team_in_discipline` (`id`,`startNumber`,`startTime`,`endTime`,`publishTime`,`type`,`tournamentId`,`disciplineId`,`teamId`,`sortNumber`,`markDeleted`) VALUES (235,6,NULL,NULL,NULL,2,2,4,100,6,1);
INSERT INTO `team_in_discipline` (`id`,`startNumber`,`startTime`,`endTime`,`publishTime`,`type`,`tournamentId`,`disciplineId`,`teamId`,`sortNumber`,`markDeleted`) VALUES (236,81,'2018-03-18 16:24:03.000','2018-03-18 16:27:04.000','2018-03-18 16:31:19.000',2,2,5,83,81,0);
INSERT INTO `team_in_discipline` (`id`,`startNumber`,`startTime`,`endTime`,`publishTime`,`type`,`tournamentId`,`disciplineId`,`teamId`,`sortNumber`,`markDeleted`) VALUES (237,82,'2018-03-18 16:27:04.000','2018-03-18 16:33:04.000','2018-03-18 16:37:23.000',2,2,6,100,82,0);
INSERT INTO `team_in_discipline` (`id`,`startNumber`,`startTime`,`endTime`,`publishTime`,`type`,`tournamentId`,`disciplineId`,`teamId`,`sortNumber`,`markDeleted`) VALUES (238,17,'2018-03-18 12:27:45.000','2018-03-18 12:35:28.000','2018-03-18 13:12:11.000',2,2,4,83,17,0);
INSERT INTO `team_in_discipline` (`id`,`startNumber`,`startTime`,`endTime`,`publishTime`,`type`,`tournamentId`,`disciplineId`,`teamId`,`sortNumber`,`markDeleted`) VALUES (239,79,'2018-03-18 16:20:00.000','2018-03-18 16:21:12.000','2018-03-18 16:23:23.000',2,2,5,100,79,0);
INSERT INTO `team_in_discipline` (`id`,`startNumber`,`startTime`,`endTime`,`publishTime`,`type`,`tournamentId`,`disciplineId`,`teamId`,`sortNumber`,`markDeleted`) VALUES (240,88,'2018-03-18 16:49:46.000','2018-03-18 16:52:47.000','2018-03-18 16:56:33.000',2,2,6,83,88,0);
INSERT INTO `team_in_discipline` (`id`,`startNumber`,`startTime`,`endTime`,`publishTime`,`type`,`tournamentId`,`disciplineId`,`teamId`,`sortNumber`,`markDeleted`) VALUES (241,89,'2018-03-18 16:52:47.000','2018-03-18 16:57:40.000','2018-03-18 17:07:26.000',2,2,5,84,89,0);
INSERT INTO `team_in_discipline` (`id`,`startNumber`,`startTime`,`endTime`,`publishTime`,`type`,`tournamentId`,`disciplineId`,`teamId`,`sortNumber`,`markDeleted`) VALUES (242,80,'2018-03-18 16:21:12.000','2018-03-18 16:24:03.000','2018-03-18 16:26:19.000',2,2,6,64,80,0);
INSERT INTO `team_in_discipline` (`id`,`startNumber`,`startTime`,`endTime`,`publishTime`,`type`,`tournamentId`,`disciplineId`,`teamId`,`sortNumber`,`markDeleted`) VALUES (243,86,'2018-03-18 16:44:27.000','2018-03-18 16:46:50.000','2018-03-18 16:50:10.000',2,2,6,84,86,0);
INSERT INTO `team_in_discipline` (`id`,`startNumber`,`startTime`,`endTime`,`publishTime`,`type`,`tournamentId`,`disciplineId`,`teamId`,`sortNumber`,`markDeleted`) VALUES (244,77,'2018-03-18 16:08:57.000','2018-03-18 16:15:20.000','2018-03-18 16:19:55.000',2,2,5,64,77,0);
INSERT INTO `team_in_discipline` (`id`,`startNumber`,`startTime`,`endTime`,`publishTime`,`type`,`tournamentId`,`disciplineId`,`teamId`,`sortNumber`,`markDeleted`) VALUES (245,78,'2018-03-18 16:15:20.000','2018-03-18 16:20:00.000','2018-03-18 16:21:09.000',2,2,6,65,78,0);
INSERT INTO `team_in_discipline` (`id`,`startNumber`,`startTime`,`endTime`,`publishTime`,`type`,`tournamentId`,`disciplineId`,`teamId`,`sortNumber`,`markDeleted`) VALUES (246,83,'2018-03-18 16:33:04.000','2018-03-18 16:36:03.000','2018-03-18 16:40:00.000',2,2,5,65,83,0);
INSERT INTO `team_in_discipline` (`id`,`startNumber`,`startTime`,`endTime`,`publishTime`,`type`,`tournamentId`,`disciplineId`,`teamId`,`sortNumber`,`markDeleted`) VALUES (247,92,'2018-03-18 17:06:24.000','2018-03-18 17:08:29.000','2018-03-18 17:11:02.000',2,2,6,66,92,0);
INSERT INTO `team_in_discipline` (`id`,`startNumber`,`startTime`,`endTime`,`publishTime`,`type`,`tournamentId`,`disciplineId`,`teamId`,`sortNumber`,`markDeleted`) VALUES (248,87,'2018-03-18 16:46:50.000','2018-03-18 16:49:46.000','2018-03-18 16:52:41.000',2,2,5,66,87,0);
INSERT INTO `team_in_discipline` (`id`,`startNumber`,`startTime`,`endTime`,`publishTime`,`type`,`tournamentId`,`disciplineId`,`teamId`,`sortNumber`,`markDeleted`) VALUES (249,84,'2018-03-18 16:36:03.000','2018-03-18 16:40:07.000','2018-03-18 16:44:22.000',2,2,6,93,84,0);
INSERT INTO `team_in_discipline` (`id`,`startNumber`,`startTime`,`endTime`,`publishTime`,`type`,`tournamentId`,`disciplineId`,`teamId`,`sortNumber`,`markDeleted`) VALUES (250,91,'2018-03-18 17:00:56.000','2018-03-18 17:06:24.000','2018-03-18 17:08:05.000',2,2,5,93,91,0);
INSERT INTO `team_in_discipline` (`id`,`startNumber`,`startTime`,`endTime`,`publishTime`,`type`,`tournamentId`,`disciplineId`,`teamId`,`sortNumber`,`markDeleted`) VALUES (251,10,'2018-03-18 12:18:00.000','2018-03-18 12:18:09.000','2018-03-18 13:07:03.000',2,2,4,96,10,0);
INSERT INTO `team_in_discipline` (`id`,`startNumber`,`startTime`,`endTime`,`publishTime`,`type`,`tournamentId`,`disciplineId`,`teamId`,`sortNumber`,`markDeleted`) VALUES (252,39,'2018-03-18 13:49:55.000','2018-03-18 13:55:21.000','2018-03-18 13:56:04.000',2,2,5,97,39,0);
INSERT INTO `team_in_discipline` (`id`,`startNumber`,`startTime`,`endTime`,`publishTime`,`type`,`tournamentId`,`disciplineId`,`teamId`,`sortNumber`,`markDeleted`) VALUES (253,36,'2018-03-18 13:40:29.000','2018-03-18 13:43:13.000','2018-03-18 13:47:02.000',2,2,6,96,36,0);
INSERT INTO `team_in_discipline` (`id`,`startNumber`,`startTime`,`endTime`,`publishTime`,`type`,`tournamentId`,`disciplineId`,`teamId`,`sortNumber`,`markDeleted`) VALUES (254,31,'2018-03-18 13:26:51.000','2018-03-18 13:30:52.000','2018-03-18 13:31:59.000',2,2,5,96,31,0);
INSERT INTO `team_in_discipline` (`id`,`startNumber`,`startTime`,`endTime`,`publishTime`,`type`,`tournamentId`,`disciplineId`,`teamId`,`sortNumber`,`markDeleted`) VALUES (255,56,'2018-03-18 14:40:16.000','2018-03-18 14:43:11.000','2018-03-18 14:46:10.000',2,2,6,97,56,0);
INSERT INTO `team_in_discipline` (`id`,`startNumber`,`startTime`,`endTime`,`publishTime`,`type`,`tournamentId`,`disciplineId`,`teamId`,`sortNumber`,`markDeleted`) VALUES (256,25,'2018-03-18 13:00:50.000','2018-03-18 13:05:59.000','2018-03-18 13:20:49.000',2,2,5,76,25,0);
INSERT INTO `team_in_discipline` (`id`,`startNumber`,`startTime`,`endTime`,`publishTime`,`type`,`tournamentId`,`disciplineId`,`teamId`,`sortNumber`,`markDeleted`) VALUES (257,32,'2018-03-18 13:30:52.000','2018-03-18 13:32:08.000','2018-03-18 13:35:00.000',2,2,6,77,32,0);
INSERT INTO `team_in_discipline` (`id`,`startNumber`,`startTime`,`endTime`,`publishTime`,`type`,`tournamentId`,`disciplineId`,`teamId`,`sortNumber`,`markDeleted`) VALUES (258,20,'2018-03-18 12:37:50.000','2018-03-18 12:38:02.000','2018-03-18 13:14:37.000',2,2,6,76,20,0);
INSERT INTO `team_in_discipline` (`id`,`startNumber`,`startTime`,`endTime`,`publishTime`,`type`,`tournamentId`,`disciplineId`,`teamId`,`sortNumber`,`markDeleted`) VALUES (259,27,'2018-03-18 13:11:54.000','2018-03-18 13:16:54.000','2018-03-18 13:26:47.000',2,2,5,77,27,0);
INSERT INTO `team_in_discipline` (`id`,`startNumber`,`startTime`,`endTime`,`publishTime`,`type`,`tournamentId`,`disciplineId`,`teamId`,`sortNumber`,`markDeleted`) VALUES (260,42,'2018-03-18 13:58:59.000','2018-03-18 14:02:46.000','2018-03-18 14:05:40.000',2,2,6,78,42,0);
INSERT INTO `team_in_discipline` (`id`,`startNumber`,`startTime`,`endTime`,`publishTime`,`type`,`tournamentId`,`disciplineId`,`teamId`,`sortNumber`,`markDeleted`) VALUES (261,49,'2018-03-18 14:19:13.000','2018-03-18 14:24:01.000','2018-03-18 14:25:19.000',2,2,5,78,49,0);
INSERT INTO `team_in_discipline` (`id`,`startNumber`,`startTime`,`endTime`,`publishTime`,`type`,`tournamentId`,`disciplineId`,`teamId`,`sortNumber`,`markDeleted`) VALUES (262,52,'2018-03-18 14:30:15.000','2018-03-18 14:33:11.000','2018-03-18 14:35:35.000',2,2,6,79,52,0);
INSERT INTO `team_in_discipline` (`id`,`startNumber`,`startTime`,`endTime`,`publishTime`,`type`,`tournamentId`,`disciplineId`,`teamId`,`sortNumber`,`markDeleted`) VALUES (263,57,'2018-03-18 14:43:11.000','2018-03-18 14:46:21.000','2018-03-18 14:49:08.000',2,2,5,79,57,0);
INSERT INTO `team_in_discipline` (`id`,`startNumber`,`startTime`,`endTime`,`publishTime`,`type`,`tournamentId`,`disciplineId`,`teamId`,`sortNumber`,`markDeleted`) VALUES (264,22,'2018-03-18 13:00:33.000','2018-03-18 13:00:41.000','2018-03-18 13:17:28.000',2,2,6,57,22,0);
INSERT INTO `team_in_discipline` (`id`,`startNumber`,`startTime`,`endTime`,`publishTime`,`type`,`tournamentId`,`disciplineId`,`teamId`,`sortNumber`,`markDeleted`) VALUES (265,19,'2018-03-18 12:37:46.000','2018-03-18 12:37:49.000','2018-03-18 13:13:42.000',2,2,5,57,19,0);
INSERT INTO `team_in_discipline` (`id`,`startNumber`,`startTime`,`endTime`,`publishTime`,`type`,`tournamentId`,`disciplineId`,`teamId`,`sortNumber`,`markDeleted`) VALUES (266,30,'2018-03-18 13:25:20.000','2018-03-18 13:26:51.000','2018-03-18 13:30:42.000',2,2,6,58,30,0);
INSERT INTO `team_in_discipline` (`id`,`startNumber`,`startTime`,`endTime`,`publishTime`,`type`,`tournamentId`,`disciplineId`,`teamId`,`sortNumber`,`markDeleted`) VALUES (267,23,'2018-03-18 13:00:41.000','2018-03-18 13:00:50.000','2018-03-18 13:18:23.000',2,2,5,58,23,0);
INSERT INTO `team_in_discipline` (`id`,`startNumber`,`startTime`,`endTime`,`publishTime`,`type`,`tournamentId`,`disciplineId`,`teamId`,`sortNumber`,`markDeleted`) VALUES (268,46,'2018-03-18 14:11:22.000','2018-03-18 14:14:22.000','2018-03-18 14:19:21.000',2,2,6,59,46,0);
INSERT INTO `team_in_discipline` (`id`,`startNumber`,`startTime`,`endTime`,`publishTime`,`type`,`tournamentId`,`disciplineId`,`teamId`,`sortNumber`,`markDeleted`) VALUES (269,41,'2018-03-18 13:55:56.000','2018-03-18 13:58:59.000','2018-03-18 14:01:05.000',2,2,5,59,41,0);
INSERT INTO `team_in_discipline` (`id`,`startNumber`,`startTime`,`endTime`,`publishTime`,`type`,`tournamentId`,`disciplineId`,`teamId`,`sortNumber`,`markDeleted`) VALUES (270,34,'2018-03-18 13:35:12.000','2018-03-18 13:37:38.000','2018-03-18 13:40:37.000',2,2,6,60,34,0);
INSERT INTO `team_in_discipline` (`id`,`startNumber`,`startTime`,`endTime`,`publishTime`,`type`,`tournamentId`,`disciplineId`,`teamId`,`sortNumber`,`markDeleted`) VALUES (271,29,'2018-03-18 13:20:02.000','2018-03-18 13:24:19.000','2018-03-18 13:30:04.000',2,2,5,60,29,0);
INSERT INTO `team_in_discipline` (`id`,`startNumber`,`startTime`,`endTime`,`publishTime`,`type`,`tournamentId`,`disciplineId`,`teamId`,`sortNumber`,`markDeleted`) VALUES (272,58,'2018-03-18 14:46:21.000','2018-03-18 14:49:24.000','2018-03-18 14:55:15.000',2,2,6,61,58,0);
INSERT INTO `team_in_discipline` (`id`,`startNumber`,`startTime`,`endTime`,`publishTime`,`type`,`tournamentId`,`disciplineId`,`teamId`,`sortNumber`,`markDeleted`) VALUES (273,51,'2018-03-18 14:29:34.000','2018-03-18 14:30:15.000','2018-03-18 14:34:15.000',2,2,5,61,51,0);
INSERT INTO `team_in_discipline` (`id`,`startNumber`,`startTime`,`endTime`,`publishTime`,`type`,`tournamentId`,`disciplineId`,`teamId`,`sortNumber`,`markDeleted`) VALUES (276,50,'2018-03-18 14:24:01.000','2018-03-18 14:29:34.000','2018-03-18 14:30:23.000',2,2,6,90,50,0);
INSERT INTO `team_in_discipline` (`id`,`startNumber`,`startTime`,`endTime`,`publishTime`,`type`,`tournamentId`,`disciplineId`,`teamId`,`sortNumber`,`markDeleted`) VALUES (277,37,'2018-03-18 13:43:13.000','2018-03-18 13:47:06.000','2018-03-18 13:49:49.000',2,2,5,90,37,0);
INSERT INTO `team_in_discipline` (`id`,`startNumber`,`startTime`,`endTime`,`publishTime`,`type`,`tournamentId`,`disciplineId`,`teamId`,`sortNumber`,`markDeleted`) VALUES (278,54,'2018-03-18 14:35:12.000','2018-03-18 14:40:16.000','2018-03-18 14:40:46.000',2,2,6,92,54,0);
INSERT INTO `team_in_discipline` (`id`,`startNumber`,`startTime`,`endTime`,`publishTime`,`type`,`tournamentId`,`disciplineId`,`teamId`,`sortNumber`,`markDeleted`) VALUES (279,45,'2018-03-18 14:09:55.000','2018-03-18 14:11:22.000','2018-03-18 14:14:31.000',2,2,5,92,45,0);
INSERT INTO `team_in_discipline` (`id`,`startNumber`,`startTime`,`endTime`,`publishTime`,`type`,`tournamentId`,`disciplineId`,`teamId`,`sortNumber`,`markDeleted`) VALUES (280,28,'2018-03-18 13:19:00.000','2018-03-18 13:20:02.000','2018-03-18 13:29:11.000',2,2,6,71,28,0);
INSERT INTO `team_in_discipline` (`id`,`startNumber`,`startTime`,`endTime`,`publishTime`,`type`,`tournamentId`,`disciplineId`,`teamId`,`sortNumber`,`markDeleted`) VALUES (281,33,'2018-03-18 13:32:08.000','2018-03-18 13:35:12.000','2018-03-18 13:37:45.000',2,2,5,71,33,0);
INSERT INTO `team_in_discipline` (`id`,`startNumber`,`startTime`,`endTime`,`publishTime`,`type`,`tournamentId`,`disciplineId`,`teamId`,`sortNumber`,`markDeleted`) VALUES (282,40,'2018-03-18 13:55:50.000','2018-03-18 13:55:56.000','2018-03-18 13:59:10.000',2,2,6,72,40,0);
INSERT INTO `team_in_discipline` (`id`,`startNumber`,`startTime`,`endTime`,`publishTime`,`type`,`tournamentId`,`disciplineId`,`teamId`,`sortNumber`,`markDeleted`) VALUES (283,53,'2018-03-18 14:33:11.000','2018-03-18 14:35:12.000','2018-03-18 14:37:41.000',2,2,5,72,53,0);
INSERT INTO `team_in_discipline` (`id`,`startNumber`,`startTime`,`endTime`,`publishTime`,`type`,`tournamentId`,`disciplineId`,`teamId`,`sortNumber`,`markDeleted`) VALUES (284,24,'2018-03-18 13:16:54.000','2018-03-18 13:17:00.000','2018-03-18 13:19:29.000',2,2,6,73,24,0);
INSERT INTO `team_in_discipline` (`id`,`startNumber`,`startTime`,`endTime`,`publishTime`,`type`,`tournamentId`,`disciplineId`,`teamId`,`sortNumber`,`markDeleted`) VALUES (285,47,NULL,NULL,NULL,2,2,5,73,47,1);
INSERT INTO `team_in_discipline` (`id`,`startNumber`,`startTime`,`endTime`,`publishTime`,`type`,`tournamentId`,`disciplineId`,`teamId`,`sortNumber`,`markDeleted`) VALUES (286,101,'2018-03-18 17:34:21.000','2018-03-18 17:37:30.000','2018-03-18 17:40:53.000',2,2,5,101,101,0);
INSERT INTO `team_in_discipline` (`id`,`startNumber`,`startTime`,`endTime`,`publishTime`,`type`,`tournamentId`,`disciplineId`,`teamId`,`sortNumber`,`markDeleted`) VALUES (287,102,'2018-03-18 17:37:30.000','2018-03-18 17:41:06.000','2018-03-18 17:42:49.000',2,2,6,67,102,0);
INSERT INTO `team_in_discipline` (`id`,`startNumber`,`startTime`,`endTime`,`publishTime`,`type`,`tournamentId`,`disciplineId`,`teamId`,`sortNumber`,`markDeleted`) VALUES (288,98,'2018-03-18 17:25:09.000','2018-03-18 17:28:19.000','2018-03-18 17:31:36.000',2,2,6,101,98,0);
INSERT INTO `team_in_discipline` (`id`,`startNumber`,`startTime`,`endTime`,`publishTime`,`type`,`tournamentId`,`disciplineId`,`teamId`,`sortNumber`,`markDeleted`) VALUES (289,99,'2018-03-18 17:28:19.000','2018-03-18 17:31:15.000','2018-03-18 17:34:45.000',2,2,5,67,99,0);
INSERT INTO `team_in_discipline` (`id`,`startNumber`,`startTime`,`endTime`,`publishTime`,`type`,`tournamentId`,`disciplineId`,`teamId`,`sortNumber`,`markDeleted`) VALUES (290,61,'2018-03-18 15:06:14.000','2018-03-18 15:11:14.000','2018-03-18 15:14:19.000',2,2,5,98,61,0);
INSERT INTO `team_in_discipline` (`id`,`startNumber`,`startTime`,`endTime`,`publishTime`,`type`,`tournamentId`,`disciplineId`,`teamId`,`sortNumber`,`markDeleted`) VALUES (291,70,'2018-03-18 15:31:25.000','2018-03-18 15:34:44.000','2018-03-18 15:37:56.000',2,2,6,88,70,0);
INSERT INTO `team_in_discipline` (`id`,`startNumber`,`startTime`,`endTime`,`publishTime`,`type`,`tournamentId`,`disciplineId`,`teamId`,`sortNumber`,`markDeleted`) VALUES (292,67,'2018-03-18 15:21:08.000','2018-03-18 15:24:38.000','2018-03-18 15:30:24.000',2,2,5,88,67,0);
INSERT INTO `team_in_discipline` (`id`,`startNumber`,`startTime`,`endTime`,`publishTime`,`type`,`tournamentId`,`disciplineId`,`teamId`,`sortNumber`,`markDeleted`) VALUES (293,64,'2018-03-18 15:11:14.000','2018-03-18 15:14:47.000','2018-03-18 15:17:43.000',2,2,6,98,64,0);
INSERT INTO `team_in_discipline` (`id`,`startNumber`,`startTime`,`endTime`,`publishTime`,`type`,`tournamentId`,`disciplineId`,`teamId`,`sortNumber`,`markDeleted`) VALUES (294,8,NULL,NULL,NULL,2,2,4,81,8,1);
INSERT INTO `team_in_discipline` (`id`,`startNumber`,`startTime`,`endTime`,`publishTime`,`type`,`tournamentId`,`disciplineId`,`teamId`,`sortNumber`,`markDeleted`) VALUES (295,75,'2018-03-18 15:41:40.000','2018-03-18 16:04:08.000','2018-03-18 16:11:59.000',2,2,5,80,75,0);
INSERT INTO `team_in_discipline` (`id`,`startNumber`,`startTime`,`endTime`,`publishTime`,`type`,`tournamentId`,`disciplineId`,`teamId`,`sortNumber`,`markDeleted`) VALUES (296,68,'2018-03-18 15:24:38.000','2018-03-18 15:27:30.000','2018-03-18 15:31:34.000',2,2,6,81,68,0);
INSERT INTO `team_in_discipline` (`id`,`startNumber`,`startTime`,`endTime`,`publishTime`,`type`,`tournamentId`,`disciplineId`,`teamId`,`sortNumber`,`markDeleted`) VALUES (297,2,'2018-03-18 12:01:15.000','2018-03-18 12:01:20.000','2018-03-18 13:04:35.000',2,2,4,70,2,0);
INSERT INTO `team_in_discipline` (`id`,`startNumber`,`startTime`,`endTime`,`publishTime`,`type`,`tournamentId`,`disciplineId`,`teamId`,`sortNumber`,`markDeleted`) VALUES (298,65,'2018-03-18 15:14:47.000','2018-03-18 15:18:16.000','2018-03-18 15:21:37.000',2,2,5,81,65,0);
INSERT INTO `team_in_discipline` (`id`,`startNumber`,`startTime`,`endTime`,`publishTime`,`type`,`tournamentId`,`disciplineId`,`teamId`,`sortNumber`,`markDeleted`) VALUES (299,72,'2018-03-18 15:37:44.000','2018-03-18 15:37:50.000','2018-03-18 16:03:38.000',2,2,6,80,72,0);
INSERT INTO `team_in_discipline` (`id`,`startNumber`,`startTime`,`endTime`,`publishTime`,`type`,`tournamentId`,`disciplineId`,`teamId`,`sortNumber`,`markDeleted`) VALUES (300,12,'2018-03-18 12:18:21.000','2018-03-18 12:18:28.000',NULL,2,2,4,63,12,0);
INSERT INTO `team_in_discipline` (`id`,`startNumber`,`startTime`,`endTime`,`publishTime`,`type`,`tournamentId`,`disciplineId`,`teamId`,`sortNumber`,`markDeleted`) VALUES (301,59,NULL,NULL,NULL,2,2,5,82,59,1);
INSERT INTO `team_in_discipline` (`id`,`startNumber`,`startTime`,`endTime`,`publishTime`,`type`,`tournamentId`,`disciplineId`,`teamId`,`sortNumber`,`markDeleted`) VALUES (302,60,NULL,NULL,NULL,2,2,6,70,60,1);
INSERT INTO `team_in_discipline` (`id`,`startNumber`,`startTime`,`endTime`,`publishTime`,`type`,`tournamentId`,`disciplineId`,`teamId`,`sortNumber`,`markDeleted`) VALUES (303,62,NULL,NULL,NULL,2,2,6,82,62,1);
INSERT INTO `team_in_discipline` (`id`,`startNumber`,`startTime`,`endTime`,`publishTime`,`type`,`tournamentId`,`disciplineId`,`teamId`,`sortNumber`,`markDeleted`) VALUES (304,63,NULL,NULL,NULL,2,2,5,70,63,1);
INSERT INTO `team_in_discipline` (`id`,`startNumber`,`startTime`,`endTime`,`publishTime`,`type`,`tournamentId`,`disciplineId`,`teamId`,`sortNumber`,`markDeleted`) VALUES (305,66,'2018-03-18 15:18:16.000','2018-03-18 15:21:08.000','2018-03-18 15:24:45.000',2,2,6,91,66,0);
INSERT INTO `team_in_discipline` (`id`,`startNumber`,`startTime`,`endTime`,`publishTime`,`type`,`tournamentId`,`disciplineId`,`teamId`,`sortNumber`,`markDeleted`) VALUES (306,69,'2018-03-18 15:27:30.000','2018-03-18 15:31:25.000','2018-03-18 15:34:54.000',2,2,5,91,69,0);
INSERT INTO `team_in_discipline` (`id`,`startNumber`,`startTime`,`endTime`,`publishTime`,`type`,`tournamentId`,`disciplineId`,`teamId`,`sortNumber`,`markDeleted`) VALUES (308,71,'2018-03-18 15:34:44.000','2018-03-18 15:37:44.000','2018-03-18 15:39:32.000',2,2,5,74,71,0);
INSERT INTO `team_in_discipline` (`id`,`startNumber`,`startTime`,`endTime`,`publishTime`,`type`,`tournamentId`,`disciplineId`,`teamId`,`sortNumber`,`markDeleted`) VALUES (309,21,'2018-03-18 12:38:05.000','2018-03-18 13:00:33.000','2018-03-18 13:15:43.000',2,2,5,87,21,0);
INSERT INTO `team_in_discipline` (`id`,`startNumber`,`startTime`,`endTime`,`publishTime`,`type`,`tournamentId`,`disciplineId`,`teamId`,`sortNumber`,`markDeleted`) VALUES (310,38,'2018-03-18 13:47:06.000','2018-03-18 13:49:55.000','2018-03-18 13:54:02.000',2,2,6,68,38,0);
INSERT INTO `team_in_discipline` (`id`,`startNumber`,`startTime`,`endTime`,`publishTime`,`type`,`tournamentId`,`disciplineId`,`teamId`,`sortNumber`,`markDeleted`) VALUES (311,26,'2018-03-18 13:05:59.000','2018-03-18 13:11:54.000','2018-03-18 13:24:51.000',2,2,6,87,26,0);
INSERT INTO `team_in_discipline` (`id`,`startNumber`,`startTime`,`endTime`,`publishTime`,`type`,`tournamentId`,`disciplineId`,`teamId`,`sortNumber`,`markDeleted`) VALUES (312,35,'2018-03-18 13:37:39.000','2018-03-18 13:40:29.000','2018-03-18 13:43:34.000',2,2,5,68,35,0);
INSERT INTO `team_in_discipline` (`id`,`startNumber`,`startTime`,`endTime`,`publishTime`,`type`,`tournamentId`,`disciplineId`,`teamId`,`sortNumber`,`markDeleted`) VALUES (313,44,NULL,NULL,NULL,2,2,6,69,44,1);
INSERT INTO `team_in_discipline` (`id`,`startNumber`,`startTime`,`endTime`,`publishTime`,`type`,`tournamentId`,`disciplineId`,`teamId`,`sortNumber`,`markDeleted`) VALUES (314,55,NULL,NULL,NULL,2,2,5,69,55,1);
INSERT INTO `team_in_discipline` (`id`,`startNumber`,`startTime`,`endTime`,`publishTime`,`type`,`tournamentId`,`disciplineId`,`teamId`,`sortNumber`,`markDeleted`) VALUES (315,95,'2018-03-18 17:15:02.000','2018-03-18 17:18:33.000','2018-03-18 17:20:52.000',2,2,5,86,95,0);
INSERT INTO `team_in_discipline` (`id`,`startNumber`,`startTime`,`endTime`,`publishTime`,`type`,`tournamentId`,`disciplineId`,`teamId`,`sortNumber`,`markDeleted`) VALUES (316,100,'2018-03-18 17:31:15.000','2018-03-18 17:34:21.000','2018-03-18 17:35:48.000',2,2,6,86,100,0);
INSERT INTO `team_in_discipline` (`id`,`startNumber`,`startTime`,`endTime`,`publishTime`,`type`,`tournamentId`,`disciplineId`,`teamId`,`sortNumber`,`markDeleted`) VALUES (317,93,'2018-03-18 17:08:29.000','2018-03-18 17:11:10.000','2018-03-18 17:19:30.000',2,2,5,99,93,0);
INSERT INTO `team_in_discipline` (`id`,`startNumber`,`startTime`,`endTime`,`publishTime`,`type`,`tournamentId`,`disciplineId`,`teamId`,`sortNumber`,`markDeleted`) VALUES (318,94,'2018-03-18 17:11:10.000','2018-03-18 17:15:02.000','2018-03-18 17:18:11.000',2,2,6,85,94,0);
INSERT INTO `team_in_discipline` (`id`,`startNumber`,`startTime`,`endTime`,`publishTime`,`type`,`tournamentId`,`disciplineId`,`teamId`,`sortNumber`,`markDeleted`) VALUES (319,96,'2018-03-18 17:18:33.000','2018-03-18 17:21:42.000','2018-03-18 17:24:35.000',2,2,6,99,96,0);
INSERT INTO `team_in_discipline` (`id`,`startNumber`,`startTime`,`endTime`,`publishTime`,`type`,`tournamentId`,`disciplineId`,`teamId`,`sortNumber`,`markDeleted`) VALUES (320,14,'2018-03-18 12:18:34.000','2018-03-18 12:21:21.000','2018-03-18 13:08:13.000',2,2,4,85,14,0);
INSERT INTO `team_in_discipline` (`id`,`startNumber`,`startTime`,`endTime`,`publishTime`,`type`,`tournamentId`,`disciplineId`,`teamId`,`sortNumber`,`markDeleted`) VALUES (321,97,'2018-03-18 17:21:42.000','2018-03-18 17:25:09.000','2018-03-18 17:27:54.000',2,2,5,85,97,0);
INSERT INTO `team_in_discipline` (`id`,`startNumber`,`startTime`,`endTime`,`publishTime`,`type`,`tournamentId`,`disciplineId`,`teamId`,`sortNumber`,`markDeleted`) VALUES (322,18,'2018-03-18 12:35:28.000','2018-03-18 12:37:46.000','2018-03-18 13:13:03.000',2,2,4,102,18,0);
INSERT INTO `team_in_discipline` (`id`,`startNumber`,`startTime`,`endTime`,`publishTime`,`type`,`tournamentId`,`disciplineId`,`teamId`,`sortNumber`,`markDeleted`) VALUES (323,85,'2018-03-18 16:40:07.000','2018-03-18 16:44:27.000','2018-03-18 16:45:33.000',2,2,5,102,85,0);
INSERT INTO `team_in_discipline` (`id`,`startNumber`,`startTime`,`endTime`,`publishTime`,`type`,`tournamentId`,`disciplineId`,`teamId`,`sortNumber`,`markDeleted`) VALUES (324,90,'2018-03-18 16:57:40.000','2018-03-18 17:00:56.000','2018-03-18 17:03:56.000',2,2,6,102,90,0);
INSERT INTO `team_in_discipline` (`id`,`startNumber`,`startTime`,`endTime`,`publishTime`,`type`,`tournamentId`,`disciplineId`,`teamId`,`sortNumber`,`markDeleted`) VALUES (325,16,'2018-03-18 12:27:22.000','2018-03-18 12:27:45.000','2018-03-18 13:09:16.000',2,2,4,103,16,0);
INSERT INTO `team_in_discipline` (`id`,`startNumber`,`startTime`,`endTime`,`publishTime`,`type`,`tournamentId`,`disciplineId`,`teamId`,`sortNumber`,`markDeleted`) VALUES (326,73,'2018-03-18 15:37:50.000','2018-03-18 15:41:40.000','2018-03-18 15:49:38.000',2,2,5,103,73,0);
INSERT INTO `team_in_discipline` (`id`,`startNumber`,`startTime`,`endTime`,`publishTime`,`type`,`tournamentId`,`disciplineId`,`teamId`,`sortNumber`,`markDeleted`) VALUES (327,76,'2018-03-18 16:04:08.000','2018-03-18 16:08:57.000','2018-03-18 16:09:58.000',2,2,6,103,76,0);
INSERT INTO `team_in_discipline` (`id`,`startNumber`,`startTime`,`endTime`,`publishTime`,`type`,`tournamentId`,`disciplineId`,`teamId`,`sortNumber`,`markDeleted`) VALUES (328,43,'2018-03-18 14:02:46.000','2018-03-18 14:07:50.000','2018-03-18 14:09:43.000',2,2,5,62,43,0);
INSERT INTO `team_in_discipline` (`id`,`startNumber`,`startTime`,`endTime`,`publishTime`,`type`,`tournamentId`,`disciplineId`,`teamId`,`sortNumber`,`markDeleted`) VALUES (329,48,'2018-03-18 14:14:22.000','2018-03-18 14:19:13.000','2018-03-18 14:24:33.000',2,2,6,62,48,0);
INSERT INTO `team_in_discipline` (`id`,`startNumber`,`startTime`,`endTime`,`publishTime`,`type`,`tournamentId`,`disciplineId`,`teamId`,`sortNumber`,`markDeleted`) VALUES (330,74,NULL,NULL,NULL,2,2,6,74,74,1);

INSERT INTO `tournament` (`id`,`name`,`description_no`,`description_en`,`startDate`,`endDate`,`times`,`createdById`,`clubId`,`venueId`,`providesLodging`,`providesTransport`,`providesBanquet`) VALUES (1,'Haugesund Klubbmesterskap 2017','Velkommen til treningshelg og vårt aller første Klubbmesterskap!\nDet avholdes i Haugesund Turnhall denne gang.','Velkommen til treningshelg og vårt aller første Klubbmesterskap!\nDet avholdes i Haugesund Turnhall denne gang.','2017-12-09 23:00:00.000','2017-12-09 23:00:00.000','[{\"day\": 0, \"time\": \"12,21\"}]',1,1,2,0,0,0);
INSERT INTO `tournament` (`id`,`name`,`description_no`,`description_en`,`startDate`,`endDate`,`times`,`createdById`,`clubId`,`venueId`,`providesLodging`,`providesTransport`,`providesBanquet`) VALUES (2,'Ingeborgs Minnepokal 2018','Ingeborgs minnepokal er første kretskonkurranse i år for troppsgymnaster. Vi ønsker alle velkomne for å se både våre egne og andre turnere fra Rogaland.\n\nInngangsbillett: Voksen 100,- Barn 50,- Familie 200,-\n\nVi gleder oss til å ta imot store og små gymnaster fra hele kretsen.\n\nDet er mange påmeldte, og vi ser frem til en lang og kjekk dag i hallen.\n\n\n**Sted:**\nHaraldshallen\nHanne Hauglands veg 8\n5519 Haugesund\n\n\n\n**Dommer & Lagledermøte: ** kl 11.00 *(i kafeen til Turnhallen; nabobygget til Haraldshallen) *\n**Trening:**                                  kl 09.00 – 12.45 \n**Innmarsj:**                                kl 12.45\n**Konkurransestart:**                kl 13.00 \n\nGarderober vil bli merket med lag, og ligger i kjelleren i Haraldshallen.  \n\nLunsj til gymnaster/ trenere kan hentes i kiosken i Haraldshallen fra klokken 11.00.\n\nAspiranter kjører først, innimellom frittstående kjøringene.\nAspirantene vil få utdelt sine premier før vi fortsetter tumbling og trampett kjøringene,\nslik at de ikke trenger å ha hele dagen i hallen.\n\n1/3 premiering for rekrutt, junior og senior.\nDeltakerpremier til alle.\n\n\n\n**Med vennlig hilsen**\n\nTeknisk komite Troppsgymnastikk Haugesund Turnforening\n\n\n\nKontakt personer før og under konkurransen:\nVidar Støyva Vidar:   [911 90 991](tel://91190991) / vidar@haugnett.no (Påmelding)\nKirsti Sveindal:          [470 17 830](tel://47017830) / kirsti@katarsis.no (Lagleder-­/dommermøte) \nPetter Reffhaug:       [484 46 235](tel://48446235) / petter@jyslabra.no (Kretsens representant)\n','Ingeborgs minnepokal er første kretskonkurranse i år for troppsgymnaster. Vi ønsker alle velkomne for å se både våre egne og andre turnere fra Rogaland.\n\nInngangsbillett: Voksen 100,- Barn 50,- Familie 200,-\n\nVi gleder oss til å ta imot store og små gymnaster fra hele kretsen.\n\nDet er mange påmeldte, og vi ser frem til en lang og kjekk dag i hallen.\n\n\n**Sted:**\nHaraldshallen\nHanne Hauglands veg 8\n5519 Haugesund\n\n\n\n**Dommer & Lagledermøte: ** kl 11.00 *(i kafeen til Turnhallen; nabobygget til Haraldshallen) *\n**Trening:**                                  kl 09.00 – 12.45 \n**Innmarsj:**                                kl 12.45\n**Konkurransestart:**                kl 13.00 \n\nGarderober vil bli merket med lag, og ligger i kjelleren i Haraldshallen.  \n\nLunsj til gymnaster/ trenere kan hentes i kiosken i Haraldshallen fra klokken 11.00.\n\nAspiranter kjører først, innimellom frittstående kjøringene.\nAspirantene vil få utdelt sine premier før vi fortsetter tumbling og trampett kjøringene,\nslik at de ikke trenger å ha hele dagen i hallen.\n\n1/3 premiering for rekrutt, junior og senior.\nDeltakerpremier til alle.\n\n\n\n**Med vennlig hilsen**\n\nTeknisk komite Troppsgymnastikk Haugesund Turnforening\n\n\n\nKontakt personer før og under konkurransen:\nVidar Støyva Vidar:   [911 90 991](tel://91190991) / vidar@haugnett.no (Påmelding)\nKirsti Sveindal:          [470 17 830](tel://47017830) / kirsti@katarsis.no (Lagleder-­/dommermøte) \nPetter Reffhaug:       [484 46 235](tel://48446235) / petter@jyslabra.no (Kretsens representant)\n','2018-03-17 23:00:00.000','2018-03-17 23:00:00.000','[{\"day\": 0, \"time\": \"13,20\"}]',1,1,1,0,0,0);







INSERT INTO `troop` (`id`,`name`,`clubId`) VALUES (50,'Stavanger-a',3);
INSERT INTO `troop` (`id`,`name`,`clubId`) VALUES (51,'Stavanger-r1',3);
INSERT INTO `troop` (`id`,`name`,`clubId`) VALUES (52,'Stavanger-jrk',3);
INSERT INTO `troop` (`id`,`name`,`clubId`) VALUES (53,'Stavanger-jrm',3);
INSERT INTO `troop` (`id`,`name`,`clubId`) VALUES (60,'Randaberg-r',4);
INSERT INTO `troop` (`id`,`name`,`clubId`) VALUES (61,'Randaberg-jr',4);
INSERT INTO `troop` (`id`,`name`,`clubId`) VALUES (62,'Sandnes-a',5);
INSERT INTO `troop` (`id`,`name`,`clubId`) VALUES (63,'Sandnes-r1',5);
INSERT INTO `troop` (`id`,`name`,`clubId`) VALUES (64,'Sandnes-r2',5);
INSERT INTO `troop` (`id`,`name`,`clubId`) VALUES (65,'Sandnes-r3',5);
INSERT INTO `troop` (`id`,`name`,`clubId`) VALUES (66,'Sandnes-r4',5);
INSERT INTO `troop` (`id`,`name`,`clubId`) VALUES (67,'Sandnes-jrk1',5);
INSERT INTO `troop` (`id`,`name`,`clubId`) VALUES (68,'Sandnes-jrk2',5);
INSERT INTO `troop` (`id`,`name`,`clubId`) VALUES (69,'Sandnes-jrk3',5);
INSERT INTO `troop` (`id`,`name`,`clubId`) VALUES (70,'Sandnes-jrm1',5);
INSERT INTO `troop` (`id`,`name`,`clubId`) VALUES (71,'Sandnes-jrm2',5);
INSERT INTO `troop` (`id`,`name`,`clubId`) VALUES (72,'Sandnes-jrh',5);
INSERT INTO `troop` (`id`,`name`,`clubId`) VALUES (73,'Sandnes-sr',5);
INSERT INTO `troop` (`id`,`name`,`clubId`) VALUES (74,'Ålgård-r1',6);
INSERT INTO `troop` (`id`,`name`,`clubId`) VALUES (75,'Ålgård-r2',6);
INSERT INTO `troop` (`id`,`name`,`clubId`) VALUES (76,'Ålgård-r3',6);
INSERT INTO `troop` (`id`,`name`,`clubId`) VALUES (77,'Ålgård-jrk',6);
INSERT INTO `troop` (`id`,`name`,`clubId`) VALUES (78,'Sandved-r1',7);
INSERT INTO `troop` (`id`,`name`,`clubId`) VALUES (79,'Sandved-r2',7);
INSERT INTO `troop` (`id`,`name`,`clubId`) VALUES (80,'Sandved-jr',7);
INSERT INTO `troop` (`id`,`name`,`clubId`) VALUES (81,'Haugesund-a1',1);
INSERT INTO `troop` (`id`,`name`,`clubId`) VALUES (82,'Haugesund-a2',1);
INSERT INTO `troop` (`id`,`name`,`clubId`) VALUES (83,'Haugesund-r1',1);
INSERT INTO `troop` (`id`,`name`,`clubId`) VALUES (84,'Haugesund-r2',1);
INSERT INTO `troop` (`id`,`name`,`clubId`) VALUES (85,'Haugesund-jrk',1);
INSERT INTO `troop` (`id`,`name`,`clubId`) VALUES (86,'Haugesund-jrh',1);
INSERT INTO `troop` (`id`,`name`,`clubId`) VALUES (87,'Haugesund-jrm',1);
INSERT INTO `troop` (`id`,`name`,`clubId`) VALUES (88,'Haugesund-srm',1);
INSERT INTO `troop` (`id`,`name`,`clubId`) VALUES (89,'Sola-r1',8);
INSERT INTO `troop` (`id`,`name`,`clubId`) VALUES (90,'Sola-r2',8);
INSERT INTO `troop` (`id`,`name`,`clubId`) VALUES (91,'Sola-r3',8);
INSERT INTO `troop` (`id`,`name`,`clubId`) VALUES (93,'Sola-r4',8);
INSERT INTO `troop` (`id`,`name`,`clubId`) VALUES (94,'Sola-r5',8);
INSERT INTO `troop` (`id`,`name`,`clubId`) VALUES (95,'Sola-r6',8);
INSERT INTO `troop` (`id`,`name`,`clubId`) VALUES (96,'Sola-jrk',8);
INSERT INTO `troop` (`id`,`name`,`clubId`) VALUES (97,'Sola-jrm1',8);
INSERT INTO `troop` (`id`,`name`,`clubId`) VALUES (98,'Sola-jrm2',8);
INSERT INTO `troop` (`id`,`name`,`clubId`) VALUES (99,'Sola-jrm3',8);
INSERT INTO `troop` (`id`,`name`,`clubId`) VALUES (100,'Sola-srm',8);
INSERT INTO `troop` (`id`,`name`,`clubId`) VALUES (101,'Stavanger-r2',3);
INSERT INTO `troop` (`id`,`name`,`clubId`) VALUES (102,'Sandved-jrk-tg',7);

INSERT INTO `user` (`id`,`name`,`email`,`password`,`role`,`clubId`) VALUES (1,'admin', 'oystein.amundsen@gmail.com', '$2b$08$FJ9DlfLkqyQ1.IFS7f2XleMzIvM9KyAZDlbVuNSrkrbaoYnZrEDUy', '99', NULL);
INSERT INTO `user` (`id`,`name`,`email`,`password`,`role`,`clubId`) VALUES (2,'Øystein','oystein.amundsen@gmail.com','$2a$08$jK6G0Of7lsIjhpMx5CPg6eF2fskN6o8SCQ/ButdwEz9zMbi279Hbq',80,1);
INSERT INTO `user` (`id`,`name`,`email`,`password`,`role`,`clubId`) VALUES (4,'Henry Røthing','henryrothing@gmail.com','$2a$08$Bn9DHtw75nQL495RKgrofOdcD4fxdzC.t8jGUv2gNl02BWLcybPAS',80,1);
INSERT INTO `user` (`id`,`name`,`email`,`password`,`role`,`clubId`) VALUES (5,'ka3ne','kathrine.liabo@haugnett.no','$2a$08$uJmKesT9kt0iaNxtOdv.seShnQ726Y6tBKA6ddrhXu09jErzPPEqe',90,1);
INSERT INTO `user` (`id`,`name`,`email`,`password`,`role`,`clubId`) VALUES (6,'Petter','petter@jyslabra.no','$2a$08$PXyALmzCx4/e8mnGOp1xleEXne0a/AaSMUjNFrbCwAvZsXDTDiU36',90,1);
INSERT INTO `user` (`id`,`name`,`email`,`password`,`role`,`clubId`) VALUES (7,'kirsti','kirsti@katarsis.no','$2a$08$.yQt1OvEYtndW19BhpiNyuHpasx/KPOsAc1Dib8VrRYlGvEQHaCti',90,1);
INSERT INTO `user` (`id`,`name`,`email`,`password`,`role`,`clubId`) VALUES (8,'haugesund','oystein.amundsen@gmail.com','$2a$08$tqDjOn9Ym7s6xdsSXJP89e38.x.vXQi1.7oU3wtwQ2udPgz/sQYfm',90,1);

INSERT INTO `venue` (`id`,`name`,`longitude`,`latitude`,`address`,`rentalCost`,`contact`,`contactPhone`,`contactEmail`,`capacity`,`createdById`) VALUES (1,'Haraldshallen','5.280322','59.4236909','Hanne Hauglands veg 8, 5519 Haugesund, Norway',5000,'Aner ikke',11112222,'noen@haraldshallen.no',2000,1);
INSERT INTO `venue` (`id`,`name`,`longitude`,`latitude`,`address`,`rentalCost`,`contact`,`contactPhone`,`contactEmail`,`capacity`,`createdById`) VALUES (2,'Turnhallen','5.279914499999999','59.42365150000001','Hanne Hauglands veg 8, 5519 Haugesund, Norway',0,'Kjersti Skogland Urrang',55555555,'kjersti.urrang@turnforeningen.no',0,1);

SET FOREIGN_KEY_CHECKS=1;
